"id","country_code","name"
"CZA142","CZ","Ustecky kraj"
"JPA142","JP","Nagasaki"
"BEA103000","BE","Region Wallonne"
"GBA1E11000002","GB","Merseyside"
"TRA137","TR","Kastamonu"
"VNA131","VN","Thanh pho Hai Phong"
"JPA114","JP","Kanagawa"
"HUA15","HU","Eszak-Magyarorszag"
"CZA164","CZ","Jihomoravsky kraj"
"SKA15","SK","Zilinsky"
"MXA124","MX","San Luis Potosi"
"MYA110","MY","Selangor"
"MAA108","MA","l'Oriental"
"ARA190","AR","Tucuman"
"JPA121","JP","Gifu"
"SAA102","SA","Makkah Al-Mokarramah"
"BRA143","BR","Rio Grande do Sul"
"ROA152","RO","Giurgiu"
"MYA116","MY","Wilayah Persekutuan Putrajaya"
"USA102","US","Alaska"
"INA121","IN","ORISSA"
"IDA112","ID","Sumatera Utara"
"ARA134","AR","Formosa"
"ISA12","IS","Hofudborgarsveidid"
"GRA1471","GR","Kriti"
"GBA1E10000007","GB","Derbyshire"
"USA136","US","New York"
"ESA102","ES","Aragon"
"ITA113","IT","Abruzzo"
"LTA103","LT","Klaipedos apskritis"
"JPA112","JP","Chiba"
"TRA181","TR","Duzce"
"ROA125","RO","Mehedinti"
"TRA140","TR","Kirsehir"
"MXA126","MX","Sonora"
"INA127","IN","MAHARASHTRA"
"JPA119","JP","Yamanashi"
"GBA1E06000002","GB","Middlesbrough"
"USA105","US","Arkansas"
"ROA105","RO","Bihor"
"ITA116","IT","Puglia"
"GBA1E10000030","GB","Surrey"
"UAA173","UA","Chernivets'ka oblast'"
"FRA176","FR","Languedoc-Roussillon-Midi-Pyrenees"
"USA138","US","North Dakota"
"PHA103","PH","Central Luzon"
"BRA124","BR","Rio Grande do Norte"
"SEA123","SE","Jamtlands"
"HUA14","HU","Del-Dunantul"
"GBA1S12000046","GB","Glasgow City"
"GTA101","GT","Guatemala"
"PTA118","PT","Alentejo"
"ARA194","AR","Tierra del Fuego"
"FRA111","FR","Ile-de-France"
"KZA155","KZ","Pavlodar o."
"ESA111","ES","Extremadura"
"PLA108","PL","Lubuskie"
"TRA145","TR","Manisa"
"VEA115","VE","Bolivariano de Miranda"
"PTA116","PT","Centro"
"USA146","US","South Dakota"
"DKA1083","DK","Region Syddanmark"
"GBA1S12000033","GB","Aberdeen City"
"IDA152","ID","Nusa Tenggara Barat"
"INA134","IN","PONDICHERRY"
"CZA132","CZ","Plzensky kraj"
"JPA147","JP","Okinawa"
"PYA100","PY","Asuncion"
"FRA132","FR","Nord-Pas-de-Calais-Picardie"
"TRA126","TR","Eskisehir"
"SVA112","SV","San Miguel"
"PHA101","PH","Ilocos Region"
"THA165","TH","Phitsanulok"
"DEA109","DE","Bayern"
"NIA130","NI","Chinandega"
"ITA105","IT","Veneto"
"THA147","TH","Sakon Nakhon"
"FRA184","FR","Auvergne-Rhone-Alpes"
"INA129","IN","KARNATAKA"
"VEA116","VE","Monagas"
"USA150","US","Vermont"
"GRA1242","GR","Dytiki Ellada"
"TRA131","TR","Hatay"
"CYA11","CY","Eparchia Lefkosias"
"NPA152401","NP","Central Development Region"
"KRA143","KR","Chungcheongbuk-do"
"GBA1E10000021","GB","Northamptonshire"
"MXA119","MX","Nuevo Leon"
"MNA119","MN","Ulaanbaatar"
"BGA133","BG","Severoiztochen"
"VNA122","VN","Tinh Quang Ninh"
"VEA113","VE","Lara"
"MZA111","MZ","Cidade de Maputo"
"THA122","TH","Chanthaburi"
"ITA119","IT","Sicilia"
"RUA13","RU","Severo-Zapadnyy (SZFO)"
"GBA1E10000019","GB","Lincolnshire"
"INA101","IN","JAMMU AND KASHMIR"
"ARA102","AR","Ciudad Autonoma de Buenos Aires"
"CRA15","CR","Guanacaste"
"KRA150","KR","Jeju-do"
"IRA108","IR","Tehran"
"JPA127","JP","Osaka"
"USA151","US","Virginia"
"ECA106","EC","Chimborazo"
"BRA117","BR","Tocantins"
"PRA172097","PR","Mayaguez"
"ITA118","IT","Calabria"
"USA140","US","Oklahoma"
"UAA135","UA","Kirovohrads'ka oblast'"
"MKA1008","MK","Skopski"
"ETA110","ET","Addis Ababa"
"ITA111","IT","Marche"
"INA123","IN","MADHYA PRADESH"
"MEA120117","ME","Niksic"
"TRA150","TR","Nevsehir"
"ROA106","RO","Bistrita-Nasaud"
"CAA135","CA","Ontario"
"ESA104","ES","Balears, Illes"
"MXA111","MX","Guanajuato"
"ESA107","ES","Castilla y Leon"
"BOA103","BO","Cochabamba"
"KRA147","KR","Gyeongsangbuk-do"
"VNA168","VN","Tinh Lam Dong"
"TRA115","TR","Burdur"
"ROA137","RO","Vaslui"
"KRA142","KR","Gangwon-do"
"GBA1S12000040","GB","West Lothian"
"BAA11","BA","Republika Srpska"
"ROA113","RO","Constanta"
"TNA111","TN","Tunis"
"JPA111","JP","Saitama"
"GBA1S12000017","GB","Highland"
"CYA15","CY","Eparchia Lemesou"
"ECA107","EC","El Oro"
"AEA103","AE","Dubai"
"MKA1001","MK","Vardarski"
"GBA1E10000017","GB","Lancashire"
"KZA123","KZ","Atyrau o."
"VNA120","VN","Tinh Lang Son"
"ITA103","IT","Lombardia"
"SKA17","SK","Presovsky"
"PRA172127","PR","San Juan"
"GBA1E06000009","GB","Blackpool"
"NIA155","NI","Managua"
"ECA118","EC","Tungurahua"
"PLA122","PL","Pomorskie"
"PEA111","PE","Ica"
"PHA113","PH","National Capital Region  (NCR)"
"TRA121","TR","Diyarbakir"
"PEA102","PE","Ancash"
"NZA103","NZ","Waikato Region"
"ITA109","IT","Toscana"
"ESA116","ES","Pais Vasco"
"GBA1E10000012","GB","Essex"
"ARA162","AR","Rio Negro"
"GRA1231","GR","Thessalia"
"FRA128","FR","Normandie"
"KRA127","KR","Daegu"
"CRA11","CR","San Jose"
"ARA130","AR","Entre Rios"
"GBA1E10000006","GB","Cumbria"
"CZA110","CZ","Hlavni mesto Praha"
"IDA136","ID","Banten"
"JMA109","JM","St. Catherine"
"PEA106","PE","Cajamarca"
"ITA104","IT","Trentino-Alto Adige"
"MXA109","MX","Distrito Federal"
"GBA1E06000050","GB","Cheshire West and Chester"
"JPA128","JP","Hyogo"
"USA133","US","New Hampshire"
"GBA1E06000022","GB","Bath and North East Somerset"
"UAA132","UA","Kyivs'ka oblast'"
"ESA101","ES","Andalucia"
"ATA17","AT","Tirol"
"JPA134","JP","Hiroshima"
"GBA1E06000042","GB","Milton Keynes"
"CAA159","CA","British Columbia / Colombie-Britannique"
"USA128","US","Mississippi"
"USA141","US","Oregon"
"BRA125","BR","Paraiba"
"TRA124","TR","Erzincan"
"KZA115","KZ","Aktobe o."
"CAA148","CA","Alberta"
"MYA108","MY","Perak"
"JPA115","JP","Niigata"
"BGA141","BG","Yugozapaden"
"BZA13","BZ","Belize"
"SEA117","SE","Varmlands"
"NLA104","NL","Zuid-Nederland"
"UAA146","UA","L'vivs'ka oblast'"
"FRA193","FR","Provence-Alpes-Cote d'Azur"
"PTA115","PT","Algarve"
"ZAA1WC","ZA","Western Cape"
"ROA135","RO","Timis"
"SRA101","SR","Paramaribo"
"GBA1E10000032","GB","West Sussex"
"NZA113","NZ","Canterbury Region"
"PLA110","PL","Lodzkie"
"PLA116","PL","Opolskie"
"HNA106","HN","Choluteca"
"JPA126","JP","Kyoto"
"MKA1003","MK","Jugozapaden"
"VNA124","VN","Tinh Bac Giang"
"HUA13","HU","Nyugat-Dunantul"
"DOA118","DO","Puerto Plata"
"VEA103","VE","Anzoategui"
"MUA106","MU","Plaines Wilhems"
"VEA123","VE","Zulia"
"JPA124","JP","Mie"
"GBA1S12000018","GB","Inverclyde"
"JPA130","JP","Wakayama"
"ATA15","AT","Salzburg"
"CZA180","CZ","Moravskoslezsky kraj"
"CLA113","CL","Santiago"
"EEA137","EE","Harju maakond"
"TRA138","TR","Kayseri"
"GRA1232","GR","Sterea Ellada"
"PAA1109","PA","Veraguas"
"ROA108","RO","Brasov"
"JPA113","JP","Tokyo"
"MKA1007","MK","Severoistochen"
"SKA11","SK","Bratislavsky"
"BYA13","BY","Gomelskaya"
"KZA171","KZ","Astana k."
"USA111","US","District of Columbia"
"ATA12","AT","Kaernten"
"ROA129","RO","Prahova"
"ATA16","AT","Steiermark"
"ROA140","RO","Bucuresti"
"JPA131","JP","Tottori"
"PLA118","PL","Podkarpackie"
"SEA104","SE","Sodermanlands"
"MXA115","MX","Mexico"
"GRA1111","GR","Anatoliki Makedonia ke Thraki"
"GBA1E11000001","GB","Greater Manchester"
"BGA142","BG","Yuzhen tsentralen"
"INA119","IN","WEST BENGAL"
"UAA112","UA","Dnipropetrovs'ka oblast'"
"CLA105","CL","Valparaiso"
"ECA104","EC","Carchi"
"USA125","US","Massachusetts"
"CMA105","CM","Littoral"
"JPA138","JP","Ehime"
"SAA103","SA","Al-Madinah Al-Monawarah"
"KRA128","KR","Incheon"
"RSA102","RS","Region Vojvodine"
"USA155","US","Wisconsin"
"GBA1E06000020","GB","Telford and Wrekin"
"ALA112","AL","Vlore"
"USA110","US","Delaware"
"UAA153","UA","Poltavs'ka oblast'"
"HNA105","HN","Cortes"
"DOA112","DO","La Romana"
"GBA1W06000015","GB","Cardiff"
"ESA115","ES","Navarra, Comunidad Foral de"
"REA12","RE","Saint-Pierre"
"TRA143","TR","Kutahya"
"BNA102","BN","Brunei-Muara"
"DEA115","DE","Sachsen-Anhalt"
"NZA107","NZ","Taranaki Region"
"TRA122","TR","Edirne"
"DOA123","DO","San Pedro De Macoris"
"ECA123","EC","Santo Domingo de los Tsachilas"
"CZA131","CZ","Jihocesky kraj"
"JPA103","JP","Iwate"
"MAA114","MA","Fes - Boulmane"
"ROA136","RO","Tulcea"
"ALA103","AL","Durres"
"PHA104","PH","Calabarzon"
"PLA102","PL","Dolnoslaskie"
"TRA159","TR","Tekirdag"
"IEA12","IE","Munster"
"THA192","TH","Trang"
"USA147","US","Tennessee"
"USA149","US","Utah"
"CZA172","CZ","Zlinsky kraj"
"CVA17","CV","Santiago"
"MYA107","MY","Pulau Pinang"
"MAA109","MA","Grand Casablanca"
"TRA171","TR","Kirikkale"
"VEA108","VE","Carabobo"
"BYA17","BY","Mogilevskaya"
"GBA1E06000006","GB","Halton"
"VNA148","VN","Thanh pho Da Nang"
"CZA141","CZ","Karlovarsky kraj"
"MXA107","MX","Chiapas"
"GBA1W06000022","GB","Newport"
"SVA111","SV","Usulutan"
"HUA16","HU","Eszak-Alfold"
"SEA114","SE","Vastra Gotalands"
"YEA113","YE","Sana'a City"
"SEA118","SE","Orebro"
"ARA158","AR","Neuquen"
"HUA12","HU","Kozep-Dunantul"
"USA135","US","New Mexico"
"UAA163","UA","Kharkivs'ka oblast'"
"TRA132","TR","Isparta"
"JPA118","JP","Fukui"
"LVA101","LV","Riga Region"
"DOA111","DO","La Altagracia"
"KGA141711","KG","Bishkek sh."
"MYA104","MY","Melaka"
"DKA1085","DK","Region Sjaelland"
"ESA117","ES","Rioja, La"
"GBA1E10000031","GB","Warwickshire"
"ROA139","RO","Vrancea"
"BRA152","BR","Goias"
"TRA158","TR","Sivas"
"GBA1E06000045","GB","Southampton"
"PEA125","PE","Ucayali"
"ROA122","RO","Iasi"
"MDA10101000","MD","Chisinau"
"VEA111","VE","Falcon"
"RSA101","RS","Beogradski region"
"USA145","US","South Carolina"
"KRA141","KR","Gyeonggi-do"
"INA106","IN","HARYANA"
"NGA125","NG","Lagos"
"GBA1S12000042","GB","Dundee City"
"MXA108","MX","Chihuahua"
"CAA113","CA","New Brunswick / Nouveau-Brunswick"
"TRA165","TR","Van"
"KZA159","KZ","Soltustik Kazakstan o."
"VEA119","VE","Sucre"
"JPA139","JP","Kochi"
"UAA151","UA","Odes'ka oblast'"
"UAA123","UA","Zaporiz'ka oblast'"
"MYA103","MY","Kelantan"
"GBA1S12000036","GB","City of Edinburgh"
"PLA106","PL","Lubelskie"
"ROA110","RO","Buzau"
"JMA103","JM","St. James"
"PHA112","PH","Soccsksargen"
"VEA118","VE","Portuguesa"
"THA114","TH","Phra Nakhon Si Ayudhya"
"BRA150","BR","Mato Grosso do Sul"
"ROA114","RO","Covasna"
"JPA116","JP","Toyama"
"ROA115","RO","Dambovita"
"TRA166","TR","Yozgat"
"JPA102","JP","Aomori"
"GBA1E06000013","GB","North Lincolnshire"
"SEA105","SE","Ostergotlands"
"KZA127","KZ","Batys Kazakstan o."
"UAA174","UA","Chernihivs'ka oblast'"
"GBA1W06000011","GB","Swansea"
"PLA114","PL","Mazowieckie"
"EEA167","EE","Parnu maakond"
"JPA129","JP","Nara"
"GBA1E06000054","GB","Wiltshire"
"GBA1E10000028","GB","Staffordshire"
"JPA146","JP","Kagoshima"
"GYA104","GY","Demerara - Mahaica"
"AZA101","AZ","Abseron iqtisadi rayonu"
"TRA114","TR","Bolu"
"NIA135","NI","Leon"
"CNA181","CN","Xianggang Tebie Xingzhengqu / Hongkong"
"LTA104","LT","Marijampoles apskritis"
"GBA1E10000025","GB","Oxfordshire"
"PEA105","PE","Ayacucho"
"TRA152","TR","Ordu"
"BRA132","BR","Espirito Santo"
"TRA180","TR","Osmaniye"
"KSA17","KS","Ferizaj/Urosevac"
"ITA115","IT","Campania"
"MXA121","MX","Puebla"
"IDA113","ID","Sumatera Barat"
"BRA153","BR","Distrito Federal"
"THA112","TH","Nonthaburi"
"MXA110","MX","Durango"
"BOA105","BO","Potosi"
"ECA109","EC","Guayas"
"ZAA1GT","ZA","Gauteng"
"GBA1E10000018","GB","Leicestershire"
"PEA120","PE","Piura"
"MXA102","MX","Baja California"
"PLA112","PL","Malopolskie"
"BYA12","BY","Vitebskaya"
"PLA126","PL","Swietokrzyskie"
"USA156","US","Wyoming"
"DOA128","DO","Monsenor Nouel"
"KZA151","KZ","Ontustik Kazakstan o."
"ALA110","AL","Shkoder"
"TRA139","TR","Kirklareli"
"UYA101","UY","Montevideo"
"PLA130","PL","Wielkopolskie"
"AZA109","AZ","Naxcivan iqtisadi rayonu"
"SDA106","SD","Khartoum"
"BRA131","BR","Minas Gerais"
"ITA112","IT","Lazio"
"HRA111","HR","City of Zagreb"
"SEA124","SE","Vasterbottens"
"PLA120","PL","Podlaskie"
"DEA107","DE","Rheinland-Pfalz"
"TRA123","TR","Elazig"
"GBA1E06000008","GB","Blackburn with Darwen"
"INA109","IN","UTTAR PRADESH"
"LYA111","LY","Tripoli (Tarabulus)"
"USA129","US","Missouri"
"TRA110","TR","Balikesir"
"MXA101","MX","Aguascalientes"
"SEA125","SE","Norrbottens"
"HRA125","HR","Osijek-Baranja"
"KZA163","KZ","Shygys Kazakstan o."
"CRA17","CR","Limon"
"ESA112","ES","Galicia"
"ROA102","RO","Arad"
"GRA1243","GR","Peloponnisos"
"USA131","US","Nebraska"
"TRA109","TR","Aydin"
"CHA112","CH","Basel-Stadt"
"PEA108","PE","Cusco"
"INA103","IN","PUNJAB"
"JPA101","JP","Hokkaido"
"ESA108","ES","Castilla - La Mancha"
"MXA106","MX","Colima"
"NAA111","NA","Khomas"
"RUA12","RU","Yuzhnyy (YUFO)"
"ILA14","IL","Central"
"USA119","US","Iowa"
"KZA111","KZ","Akmola o."
"CLA103","CL","Atacama"
"NPA152405","NP","Western Development Region"
"VNA136","VN","Tinh Nam Dinh"
"FRA175","FR","Aquitaine-Limousin-Poitou-Charentes"
"PHA116","PH","Caraga"
"MKA1005","MK","Pelagoniski"
"BOA102","BO","La Paz"
"ESA109","ES","Cataluna"
"HRA133","HR","Zadar"
"BYA11","BY","Brestskaya"
"BYA15","BY","g. Minsk"
"UAA148","UA","Mykolaivs'ka oblast'"
"TRA125","TR","Erzurum"
"VEA122","VE","Yaracuy"
"COA111","CO","Sata Fe de Bogota D.C."
"AEA105","AE","Ras al-Khaimah"
"GNA12","GN","Conakry"
"NZA102","NZ","Auckland Region"
"INA130","IN","GOA"
"VNA134","VN","Tinh Thai Binh"
"USA121","US","Kentucky"
"CLA104","CL","Coquimbo"
"IEA11","IE","Leinster"
"TRA119","TR","Corum"
"USA124","US","Maryland"
"INA107","IN","DELHI"
"IDA134","ID","DI Yogyakarta"
"IDA116","ID","Sumatera Selatan"
"GBA1E06000039","GB","Slough"
"JMA113","JM","St. Andrew"
"GBA1S12000038","GB","Renfrewshire"
"USA122","US","Louisiana"
"GBA1E06000044","GB","Portsmouth"
"GBA1E06000040","GB","Windsor and Maidenhead"
"SKA18","SK","Kosicky"
"SYA101","SY","Damascus"
"IDA164","ID","Kalimantan Timur"
"INA124","IN","GUJARAT"
"ITA107","IT","Liguria"
"SIA108","SI","Osrednjeslovenska"
"BSA1NP","BS","New Providence"
"NIA125","NI","Esteli"
"FRA194","FR","Corse"
"MYA114","MY","Wilayah Persekutuan Kuala Lumpur"
"GBA1E06000027","GB","Torbay"
"BRA128","BR","Sergipe"
"MXA120","MX","Oaxaca"
"DOA125","DO","Santiago"
"RWA11","RW","Kigali City"
"MXA125","MX","Sinaloa"
"KEA104","KE","Nairobi Province"
"SVA103","SV","Sonsonate"
"THA157","TH","Chiang Rai"
"JPA125","JP","Shiga"
"USA134","US","New Jersey"
"LTA106","LT","Siauliu apskritis"
"USA148","US","Texas"
"USA112","US","Florida"
"NGA115","NG","FCT"
"BOA106","BO","Tarija"
"UAA105","UA","Vinnyts'ka oblast'"
"CZA151","CZ","Liberecky kraj"
"VEA121","VE","Trujillo"
"IQA116","IQ","Arbil"
"KWA102","KW","Hawally"
"BRA115","BR","Para"
"SEA106","SE","Jonkopings"
"OMA101","OM","Muscat Governorate"
"BRA121","BR","Maranhao"
"DKA1082","DK","Region Midtjylland"
"CHA125","CH","Geneve"
"GBA1E06000034","GB","Thurrock"
"IDA171","ID","Sulawesi Utara"
"GBA1E06000029","GB","Poole"
"VNA125","VN","Tinh Phu Tho"
"GBA1E06000015","GB","Derby"
"VNA158","VN","Tinh Ninh Thuan"
"VEA114","VE","Merida"
"VEA117","VE","Nueva Esparta"
"TRA136","TR","Kars"
"MQA102","MQ","Martinique"
"MDA19801000","MD","Tiraspol"
"LAA106","LA","Luangprabang"
"SEA103","SE","Uppsala"
"MAA116","MA","Tanger - Tetouan"
"BRA126","BR","Pernambuco"
"TRA163","TR","Sanliurfa"
"TRA153","TR","Rize"
"NIA140","NI","Matagalpa"
"THA120","TH","Chonburi"
"CHA121","CH","Ticino"
"MAA110","MA","Rabat - Sale - Zemmour - Zaer"
"GBA1E06000051","GB","Shropshire"
"BRA141","BR","Parana"
"ROA119","RO","Harghita"
"USA126","US","Michigan"
"GBA1E06000012","GB","North East Lincolnshire"
"CLA102","CL","Antofagasta"
"GBA1E10000002","GB","Buckinghamshire"
"TZA101","TZ","Arusha"
"PEA112","PE","Junin"
"USA144","US","Rhode Island"
"VNA119","VN","Tinh Thai Nguyen"
"CLA115","CL","Arica y Parinacota"
"MYA112","MY","Sabah"
"KZA135","KZ","Karagandy o."
"MYA102","MY","Kedah"
"ESA113","ES","Madrid, Comunidad de"
"ECA111","EC","Loja"
"USA142","US","Pennsylvania"
"UAA101","UA","Avtonomna Respublika Krym"
"GBA1E06000035","GB","Medway"
"SEA113","SE","Hallands"
"ROA134","RO","Teleorman"
"PEA104","PE","Arequipa"
"BHA11","BH","Capital Governorate"
"ESA105","ES","Canarias"
"SKA14","SK","Nitriansky"
"UAA161","UA","Ternopil's'ka oblast'"
"CAA124","CA","Quebec / Quebec"
"HNA118","HN","Yoro"
"GEA105","GE","Imereti"
"MXA127","MX","Tabasco"
"CHA101","CH","Zuerich"
"MAA112","MA","Tadla - Azilal"
"AUA15","AU","Western Australia"
"AUA14","AU","South Australia"
"GBA1E06000033","GB","Southend-on-Sea"
"ILA13","IL","Haifa"
"LTA101","LT","Alytaus apskritis"
"ILA15","IL","Tel Aviv"
"MXA129","MX","Tlaxcala"
"PEA114","PE","Lambayeque"
"DEA108","DE","Baden-Wuerttemberg"
"GBA1E10000011","GB","East Sussex"
"SEA101","SE","Stockholms"
"ARA178","AR","Santa Cruz"
"UAA118","UA","Zhytomyrs'ka oblast'"
"CMA102","CM","Centre"
"PEA113","PE","La Libertad"
"ECA108","EC","Esmeraldas"
"MXA128","MX","Tamaulipas"
"DEA106","DE","Hessen"
"NZA114","NZ","Otago Region"
"USA123","US","Maine"
"AZA103","AZ","Baki seheri"
"GBA1W06000013","GB","Bridgend"
"KRA144","KR","Chungcheongnam-do"
"ROA126","RO","Mures"
"MEA120176","ME","Podgorica"
"UZA11726","UZ","Tashkent g."
"VEA106","VE","Barinas"
"TRA104","TR","Agri"
"PAA1104","PA","Chiriqui"
"BRA135","BR","Sao Paulo"
"THA110","TH","Bangkok"
"RUA16","RU","Ural'skiy (UFO)"
"ZAA1KZN","ZA","KwaZulu-Natal"
"JPA110","JP","Gunma"
"ROA128","RO","Olt"
"GBA1E11000003","GB","South Yorkshire"
"PKA12","PK","Punjab"
"BDA12","BD","Chittagong"
"MAA104","MA","Sous-Massa-Draa"
"GBA1N09000005","GB","Derry City and Strabane"
"USA139","US","Ohio"
"GBA1E06000028","GB","Bournemouth"
"RUA15","RU","Sibirskiy (SFO)"
"GBA1E06000007","GB","Warrington"
"GBA1S12000029","GB","South Lanarkshire"
"GBA1E09000001","GB","City of London"
"ESA106","ES","Cantabria"
"PEA110","PE","Huanuco"
"LAA101","LA","Vientiane Capital"
"BFA103","BF","Centre"
"BGA132","BG","Severen tsentralen"
"CLA111","CL","Aysen del Gen. Carlos Ibanez del Campo"
"NZA108","NZ","Manawatu-Wanganui Region"
"CRA12","CR","Alajuela"
"ARA114","AR","Cordoba"
"KZA147","KZ","Mangystau o."
"BEA102000","BE","Vlaams Gewest"
"FRA153","FR","Bretagne"
"ECA113","EC","Manabi"
"INA108","IN","RAJASTHAN"
"GBA1E10000008","GB","Devon"
"ESA110","ES","Comunitat Valenciana"
"GBA1E10000029","GB","Suffolk"
"MXA122","MX","Queretaro"
"DEA114","DE","Sachsen"
"MXA104","MX","Campeche"
"TRA148","TR","Mugla"
"JPA141","JP","Saga"
"GEA109","GE","Samegrelo-Zemo Svaneti"
"VNA104","VN","Tinh Cao Bang"
"THA140","TH","Khon Kaen"
"MAA113","MA","Meknes - Tafilalet"
"HRA124","HR","Slavonski Brod-Posavina"
"JPA140","JP","Fukuoka"
"SEA119","SE","Vastmanlands"
"CZA163","CZ","Kraj Vysocina"
"GBA1N09000003","GB","Belfast"
"ATA19","AT","Wien"
"USA153","US","Washington"
"INA128","IN","ANDHRA PRADESH"
"TTA110","TT","Port of Spain"
"KSA15","KS","Prizren"
"RUA17","RU","Privolzhskiy (PFO)"
"TZA102","TZ","Dar Es Salaam"
"GTA109","GT","Quetzaltenango"
"TGA101","TG","Maritime"
"PHA110","PH","Northern Mindanao"
"ROA131","RO","Salaj"
"AZA105","AZ","Gence-Qazax iqtisadi rayonu"
"GBA1E06000005","GB","Darlington"
"SIA102","SI","Podravska"
"GAA11","GA","Estuaire"
"GBA1W06000006","GB","Wrexham"
"JPA137","JP","Kagawa"
"VEA107","VE","Bolivar"
"PYA101","PY","Concepcion"
"INA120","IN","JHARKHAND"
"SVA106","SV","San Salvador"
"PLA104","PL","Kujawsko-Pomorskie"
"VNA140","VN","Tinh Nghe An"
"ARA154","AR","Misiones"
"EEA178","EE","Tartu maakond"
"RSA104","RS","Region Juzne i Istocne Srbije"
"PTA130","PT","Regiao Autonoma da Madeira"
"USA101","US","Alabama"
"SEA107","SE","Kronobergs"
"BRA111","BR","Rondonia"
"USA106","US","California"
"ITA110","IT","Umbria"
"USA118","US","Indiana"
"GBA1E11000005","GB","West Midlands"
"USA130","US","Montana"
"TNA131","TN","Sousse"
"AMA101","AM","Yerevan"
"TRA172","TR","Batman"
"GBA1E10000016","GB","Kent"
"IDA172","ID","Sulawesi Tengah"
"GBA1E06000043","GB","Brighton and Hove"
"ARA106","AR","Buenos Aires"
"BGA134","BG","Yugoiztochen"
"LTA110","LT","Vilniaus apskritis"
"JPA107","JP","Fukushima"
"IQA118","IQ","Al Sulaymaniah"
"DEA102","DE","Hamburg"
"USA108","US","Colorado"
"ITA120","IT","Sardegna"
"JPA109","JP","Tochigi"
"GBA1E10000027","GB","Somerset"
"HUA11","HU","Kozep-Magyarorszag"
"ATA18","AT","Vorarlberg"
"ROA138","RO","Valcea"
"BRA129","BR","Bahia"
"GRA1112","GR","Kentriki Makedonia"
"GBA1E10000034","GB","Worcestershire"
"JMA107","JM","Manchester"
"PAA1108","PA","Panama"
"AOA111","AO","Luanda (Capital)"
"DEA111","DE","Berlin"
"USA117","US","Illinois"
"MKA1006","MK","Poloshki"
"SAA101","SA","Al-Riyadh"
"MXA113","MX","Hidalgo"
"KHA112","KH","Phnom Penh"
"PEA116","PE","Loreto"
"PHA109","PH","Zamboanga Peninsula"
"JPA106","JP","Yamagata"
"PLA132","PL","Zachodniopomorskie"
"TRA178","TR","Karabuk"
"USA120","US","Kansas"
"TRA103","TR","Afyonkarahisar"
"PKA13","PK","Sindh"
"JPA120","JP","Nagano"
"MDA10301000","MD","Balti"
"LKA11","LK","Western"
"CHA122","CH","Vaud"
"CHA117","CH","St. Gallen"
"DEA101","DE","Schleswig-Holstein"
"DEA110","DE","Saarland"
"BRA127","BR","Alagoas"
"PRA172113","PR","Ponce"
"ROA109","RO","Braila"
"IDA131","ID","DKI Jakarta"
"IDA151","ID","Bali"
"ARA186","AR","Santiago del Estero"
"GBA1E06000004","GB","Stockton-on-Tees"
"GBA1E06000038","GB","Reading"
"CIA109","CI","Lagunes"
"ROA107","RO","Botosani"
"THA195","TH","Yala"
"DOA106","DO","Duarte"
"ITA108","IT","Emilia-Romagna"
"BGA131","BG","Severozapaden"
"BRA114","BR","Roraima"
"HRA135","HR","Split-Dalmatia"
"BRA133","BR","Rio de Janeiro"
"CZA153","CZ","Pardubicky kraj"
"RUA14","RU","Dal'nevostochnyy (DVFO)"
"KRA145","KR","Jeollabuk-do"
"TRA142","TR","Konya"
"SVA102","SV","Santa Ana"
"ECA117","EC","Pichincha"
"ATA13","AT","Niederoesterreich"
"USA127","US","Minnesota"
"CHA103","CH","Luzern"
"USA109","US","Connecticut"
"CLA106","CL","Libertador General Bernardo O'Higgins"
"GBA1E10000014","GB","Hampshire"
"INA133","IN","TAMIL NADU"
"GBA1E06000016","GB","Leicester"
"GBA1E11000007","GB","Tyne and Wear"
"GBA1S12000024","GB","Perth and Kinross"
"RUA11","RU","Tsentral'nyy (TSFO)"
"VNA162","VN","Tinh Kon Tum"
"ILA11","IL","Jerusalem"
"FRA144","FR","Alsace-Champagne-Ardenne-Lorraine"
"GBA1E10000003","GB","Cambridgeshire"
"HNA101","HN","Atlantida"
"LVA103","LV","Latgale Region"
"THA149","TH","Mukdahan"
"RSA103","RS","Region Sumadije i Zapadne Srbije"
"VEA101","VE","Distrito Capital"
"VEA105","VE","Aragua"
"ATA14","AT","Oberoesterreich"
"DEA103","DE","Niedersachsen"
"BBA106","BB","St. Michael"
"PYA110","PY","Alto Parana"
"KRA148","KR","Gyeongsangnam-do"
"LTA108","LT","Telsiu apskritis"
"VNA166","VN","Tinh Dak Lak"
"LUA11","LU","Luxembourg"
"TRA107","TR","Antalya"
"PEA121","PE","Puno"
"CZA120","CZ","Stredocesky kraj"
"MYA111","MY","Terengganu"
"PTA111","PT","Norte"
"ROA133","RO","Suceava"
"JPA123","JP","Aichi"
"VNA101","VN","Thanh pho Ha Noi"
"MYA106","MY","Pahang"
"ILA12","IL","Northern"
"UAA171","UA","Cherkas'ka oblast'"
"INA132","IN","KERALA"
"ROA117","RO","Galati"
"TRA155","TR","Samsun"
"MXA103","MX","Baja California Sur"
"INA110","IN","BIHAR"
"CYA14","CY","Eparchia Larnakas"
"ROA112","RO","Cluj"
"MYA105","MY","Negeri Sembilan"
"TWA164000","TW","Kaohsiung City"
"CZA171","CZ","Olomoucky kraj"
"TRA127","TR","Gaziantep"
"TRA134","TR","Istanbul"
"CLA110","CL","Los Lagos"
"GBA1E06000019","GB","Herefordshire, County of"
"ECA112","EC","Los Rios"
"GBA1E06000021","GB","Stoke-on-Trent"
"ROA124","RO","Maramures"
"SKA12","SK","Trnavsky"
"KRA111","KR","Seoul"
"GBA1E06000047","GB","County Durham"
"KRA146","KR","Jeollanam-do"
"ARA110","AR","Catamarca"
"GBA1E10000023","GB","North Yorkshire"
"CZA152","CZ","Kralovehradecky kraj"
"IDA133","ID","Jawa Tengah"
"ARA182","AR","Santa Fe"
"GBA1E06000055","GB","Bedford"
"PYA111","PY","Central"
"GBA1E10000020","GB","Norfolk"
"TRA168","TR","Aksaray"
"AEA102","AE","Ajman"
"IDA173","ID","Sulawesi Selatan"
"TRA111","TR","Bilecik"
"JPA144","JP","Oita"
"IDA163","ID","Kalimantan Selatan"
"JPA105","JP","Akita"
"ROA132","RO","Sibiu"
"CHA102","CH","Bern / Berne"
"NZA109","NZ","Wellington Region"
"CWA101","CW","Curacao"
"SEA122","SE","Vasternorrlands"
"CLA107","CL","Maule"
"BAA12","BA","Federacija Bosne i Hercegovine"
"ROA101","RO","Alba"
"NLA103","NL","West-Nederland"
"THA190","TH","Songkhla"
"MUA107","MU","Port Louis"
"MAA111","MA","Doukala - Abda"
"SNA108","SN","St Louis"
"ROA121","RO","Ialomita"
"RUA18","RU","Severo-Kavkazskiy (SKFO)"
"TRA167","TR","Zonguldak"
"TRA151","TR","Nigde"
"USA104","US","Arizona"
"ALA111","AL","Tirane"
"MXA112","MX","Guerrero"
"LVA105","LV","Zemgale Region"
"KRA131","KR","Ulsan"
"JPA122","JP","Shizuoka"
"FRA124","FR","Centre-Val de Loire"
"ARA174","AR","San Luis"
"MXA117","MX","Morelos"
"UAA126","UA","Ivano-Frankivs'ka oblast'"
"ITA101","IT","Piemonte"
"VEA120","VE","Tachira"
"AUA13","AU","Queensland"
"MXA130","MX","Veracruz de Ignacio de la Llave"
"ROA104","RO","Bacau"
"BRA123","BR","Ceara"
"GRA1122","GR","Ipeiros"
"GBA1E06000018","GB","Nottingham"
"GBA1E10000024","GB","Nottinghamshire"
"UAA107","UA","Volyns'ka oblast'"
"BRA116","BR","Amapa"
"MYA101","MY","Johor"
"DEA105","DE","Nordrhein-Westfalen"
"GBA1E06000023","GB","Bristol, City of"
"INA118","IN","ASSAM"
"MXA118","MX","Nayarit"
"ARA138","AR","Jujuy"
"GBA1S12000015","GB","Fife"
"PHA106","PH","Western Visayas"
"UAA168","UA","Khmel'nyts'ka oblast'"
"GBA1E06000001","GB","Hartlepool"
"ARA118","AR","Corrientes"
"TRA106","TR","Ankara"
"MXA114","MX","Jalisco"
"DKA1081","DK","Region Nordjylland"
"THA174","TH","Samut Sakhon"
"ROA130","RO","Satu Mare"
"MKA1004","MK","Jugoistochen"
"JPA132","JP","Shimane"
"PRA172025","PR","Caguas"
"ROA120","RO","Hunedoara"
"PLA128","PL","Warminsko-Mazurskie"
"THA111","TH","Samut Prakarn"
"MXA116","MX","Michoacan de Ocampo"
"NZA106","NZ","Hawke's Bay Region"
"ESA114","ES","Murcia, Region de"
"INA102","IN","HIMACHAL PRADESH"
"BDA13","BD","Dhaka"
"NLA102","NL","Oost-Nederland"
"ARA170","AR","San Juan"
"UAA185","UA","Misto Sevastopol'"
"UAA165","UA","Khersons'ka oblast'"
"GHA105","GH","Greater Accra Region"
"HNA108","HN","Francisco Morazan"
"MYA113","MY","Sarawak"
"JPA135","JP","Yamaguchi"
"CLA109","CL","La Araucania"
"BRA113","BR","Amazonas"
"SKA16","SK","Banskobystricky"
"MXA132","MX","Zacatecas"
"MLA15","ML","Koulikoro"
"KSA12","KS","Gjilan/Gnjilane"
"UAA121","UA","Zakarpats'ka oblast'"
"BRA142","BR","Santa Catarina"
"GBA1E06000036","GB","Bracknell Forest"
"ZAA1EC","ZA","Eastern Cape"
"ARA150","AR","Mendoza"
"KZA119","KZ","Almaty o."
"IDA161","ID","Kalimantan Barat"
"GBA1E10000013","GB","Gloucestershire"
"AEA106","AE","Sharjah"
"SEA112","SE","Skane"
"MKA1002","MK","Istochen"
"TRA164","TR","Usak"
"GBA1E06000014","GB","York"
"CAA147","CA","Saskatchewan"
"KZA131","KZ","Zhambyl o."
"IDA114","ID","Riau"
"ARA122","AR","Chaco"
"KZA143","KZ","Kyzylorda o."
"BRA151","BR","Mato Grosso"
"GBA1E06000031","GB","Peterborough"
"AUA12","AU","Victoria"
"USA137","US","North Carolina"
"TRA160","TR","Tokat"
"ECA110","EC","Imbabura"
"JPA136","JP","Tokushima"
"SKA13","SK","Trenciansky"
"PTA117","PT","Lisboa"
"GEA103","GE","Autonomous Republic of Adjara"
"UAA114","UA","Donets'ka oblast'"
"HRA131","HR","Primorje-Gorski kotar"
"JPA133","JP","Okayama"
"CLA108","CL","Bio-Bio"
"ARA142","AR","La Pampa"
"IDA118","ID","Lampung"
"NZA104","NZ","Bay of Plenty Region"
"TRA170","TR","Karaman"
"PHA107","PH","Central Visayas"
"MXA105","MX","Coahuila de Zaragoza"
"THA141","TH","Udon Thani"
"NLA101","NL","Noord-Nederland"
"HRA114","HR","Varazdin"
"PRA172021","PR","Bayamon"
"SEA120","SE","Dalarnas"
"THA146","TH","Kalasin"
"ARA126","AR","Chubut"
"PEA123","PE","Tacna"
"BOA107","BO","Santa Cruz"
"TRA120","TR","Denizli"
"GBA1E06000049","GB","Cheshire East"
"TRA161","TR","Trabzon"
"MXA123","MX","Quintana Roo"
"ARA166","AR","Salta"
"DEA104","DE","Bremen"
"UAA180","UA","Misto Kyiv"
"CLA101","CL","Tarapaca"
"TRA102","TR","Adiyaman"
"ROA127","RO","Neamt"
"DEA113","DE","Mecklenburg-Vorpommern"
"PLA124","PL","Slaskie"
"ARA146","AR","La Rioja"
"TRA146","TR","Kahramanmaras"
"PHA105","PH","Bicol Region"
"TRA177","TR","Yalova"
"IDA135","ID","Jawa Timur"
"MAA107","MA","Marrakech - Tensift - Al Haouz"
"USA115","US","Hawaii"
"GBA1E11000006","GB","West Yorkshire"
"NIA170","NI","Granada"
"MAA106","MA","Chaouia - Ourdigha"
"ZAA1FS","ZA","Free State"
"AFA101","AF","Kabul"
"JPA104","JP","Miyagi"
"TRA118","TR","Cankiri"
"INA104","IN","CHANDIGARH"
"TRA117","TR","Canakkale"
"USA116","US","Idaho"
"ITA106","IT","Friuli-Venezia Giulia"
"IDA132","ID","Jawa Barat"
"SNA101","SN","Dakar"
"GBA1E06000032","GB","Luton"
"INA122","IN","CHHATISGARH"
"PHA114","PH","Cordillera Administrative Region  (CAR)"
"INA105","IN","UTTARANCHAL"
"CAA111","CA","Prince Edward Island / Ile-du-Prince-Edouard"
"THA184","TH","Surat Thani"
"USA113","US","Georgia"
"BEA101000","BE","Region de Bruxelles-Capitale"
"AUA11","AU","New South Wales"
"THA130","TH","Nakhon Ratchasima"
"TRA105","TR","Amasya"
"GBA1E06000010","GB","Kingston upon Hull, City of"
"LVA102","LV","Kurzeme Region"
"USA132","US","Nevada"
"SEA121","SE","Gavleborgs"
"BOA104","BO","Oruro"
"CYA13","CY","Eparchia Ammochostou"
"MXA131","MX","Yucatan"
"GRA1351","GR","Attiki"
"CAA112","CA","Nova Scotia / Nouvelle-Ecosse"
"KZA175","KZ","Almaty k."
"KRA126","KR","Busan"
"GBA1E10000015","GB","Hertfordshire"
"LTA105","LT","Panevezio apskritis"
"KZA139","KZ","Kostanay o."
"JPA108","JP","Ibaraki"
"BYA14","BY","Grodnenskaya"
"TRA128","TR","Giresun"
"ROA116","RO","Dolj"
"GBA1E06000026","GB","Plymouth"
"HUA17","HU","Del-Alfold"
"VNA130","VN","Tinh Hai Duong"
"MRA113","MR","Nouakchott"
"GEA101","GE","Tbilisi"
"PHA111","PH","Davao Region"
"DEA116","DE","Thueringen"
"ROA111","RO","Caras-Severin"
"JPA145","JP","Miyazaki"
"TRA144","TR","Malatya"
"DKA1084","DK","Region Hovedstaden"
"LTA102","LT","Kauno apskritis"
"CAA146","CA","Manitoba"
"FRA127","FR","Bourgogne-Franche-Comte"
"USA154","US","West Virginia"
"JPA117","JP","Ishikawa"
"KWA101","KW","Capital"
"MAA105","MA","Gharb - Chrarda - Beni Hssen"
"AEA101","AE","Abu Dhabi"
"KHA117","KH","Siem Reap"
"JPA143","JP","Kumamoto"
"KRA130","KR","Daejeon"
"QAA11","QA","Doha"
"UAA159","UA","Sums'ka oblast'"
"ESA103","ES","Asturias, Principado de"
"CLA112","CL","Magallanes"
"VNA146","VN","Tinh Thua Thien Hue"
"KSA16","KS","Prishtina/Pristina"
"ILA16","IL","Southern"
"VNA164","VN","Tinh Gia Lai"
"TRA135","TR","Izmir"
"FRA152","FR","Pays de la Loire"
"ROA103","RO","Arges"
"KRA129","KR","Gwangju"
