"track_name","track_link","artist_name"
"10 Years (Live)","jaTRNImqnHM","Daði Freyr"
"20 jir ka adag bir","pWG3g6ZL3kk","Sharma Boy"
5000,"Jk7Ff9s2nkw","Ирина Кайратовна"
"52 Gaj Ka Daman","CZt-rVn2BJs","Renuka Panwar"
"8 Raflaan (feat. Gurlez Akhtar)","tYpWpvpN_J8","Mankirt Aulakh"
"A Mi Que Me Importa","POd7eA2wZbU","Harryson"
"A Yid","zGz_eVHddfo","Benny Friedman"
"Además de Mí (Remix)","dQlihE2-HLM","Rusherking"
"Ah Ellerim Kırılaydı","qAX_O2e3hx4","Tuğçe Kandemir"
"Al Fatena","-Ylbg-gd_Kc","Majid Al Mohandis"
"Alaz Alaz","qkh0Nr7keV4","Buray"
"Ale jazz!","hHb3owr6PQg","sanah, Vito Bambino"
"Alta Gama","UJLOiE8hb24","Rochy RD"
"AM","N06bpHYU1ow","Nio Garcia"
"Am Platit Sa-Mi Duc Regina","kGQeFzjpMHc","Costel Biju"
"Ambition","VxSqrzDdpsQ","Yaksta"
"Amore","T37nO9uJNp0","Fally Ipupa"
"Anomaliya (feat. Alexander Robov)","6xgBrbZ5_K4","Malkata"
"Arkadas (feat. Nefes)","4FC-hdPYAEs","Vefa Serifova"
"Astronaut In The Ocean","MEg-oqI9qmw","Masked Wolf"
"Atem","8yhpgPXvXRo","Yelo"
"Attitude (feat. Awilo Longomba & H Baba)","bElhxzQweYQ","Harmonize"
"Ay Dılemın","g_hPejChD80","Servet Tunç, Murat Dağ"
"Baarish Ki Jaaye (feat. Nawazuddin Siddiqui & Sunanda Sharma)","TYaNfLLOLNY","B Praak"
"Back In Blood (feat. Lil Durk)","0-Tm65i96TY","Pooh Shiesty"
"Baho (Live)","xlSxTvUiJgw","Israel Mbonyi"
"Baikoko","hGqzvvbZnyQ","Mbosso, Diamond Platnumz"
"Bajo Mundo","ZTj5tz5A7E4","Bulin 47"
"Baliqcham","yanvidoW52A","Gulinur"
"Bandido","W6fme7tcweQ","Myke Towers, Juhn"
"Banyana","xPYCtAl7iq8","DJ Maphorisa, Tyler ICU, Sir Trill, Daliwonga, Kabza De Small"
"Batom de Cereja (Ao Vivo)","3vYeQLJ2as4","Israel & Rodolffo"
"BeatBox 2 (feat. Pooh Shiesty)","94zTrkr5_xY","SpotemGottem"
"BED","mD2a9YzKV3w","Joel Corry, RAYE, David Guetta"
"Ben Bilmem","Wd3q2nFv3hk","Ebru Yaşar"
"BesaBese - Nachts Unterwegs","-5UbNFjjiVk","BesaBese"
"Bibi","pKVS-Od8Mbg","Nucci"
"Binibini","DhzDmhytrTI","Zack Tabudlo"
"Bipolar","12-3ZAsO_xA","MC Don Juan, Mc Davi, Mc Pedrinho"
"Bitch I'm Back","W5NgXKe4SJk","Sidhu Moose Wala"
"Blijven Slapen","i3Kx-b8QSaw","Snelle, Maan"
"Body (Remix)","BS3HgiHPYcs","Tion Wayne, Russ"
"Body on Body","jQ7jJpGCC-A","Sirusho"
"Bordi Dele Man (بردی دل من)","V2JYYJYL4qw","Ashkan Arab"
"Botella Tras Botella","XegHMc35Bo8","Gera Mx, Christian Nodal"
"Build a Bitch","FLGCGc7sAUw","Bella Poarch"
"Butter","WMweEpGlu_U","BTS"
"Bzrp Music Sessions, Vol. 39","t490zXLrQDE","Bizarrap, Snow Tha Product"
"Calling My Phone","zzd4ydafGR0","Lil Tjay, 6LACK"
"Chandra Paayanna","JbqU2m7TfiM","Shashika Nisansala"
"Chatak Matak","s9AICwTKgOg","Renuka Panwar"
"Chawazar","rWnji-4BtgI","Bryar rzgar"
"Chitti","ruWIZcL5T6I","--"
"Choices","2DRn-GZCiMc","Separ, Marpo"
"Ciało","vvCnsBpFgLc","Ewa Farna"
"Combien","UBBKnKT7A-w","Jozii"
"COMMANDO","eimZIcNsih0","SINAN"
"Confetti (feat. Saweetie)","15-vLIZ_2mU","Little Mix"
"Coroa dos Cornos","3r9_2KZKIDc","Cleyton David"
"Corps à corps","l8aV0A7h8EM","Kalipsxau"
"Cover Me In Sunshine","vGZhMIXH62M","P!nk, Willow Sage Hart"
"CRMNL","GCiFLidpEqQ","VTEN"
"Crocodile Teeth","rMWdX1_cEXg","Skillibeng"
"Da Li Si?","mVriyzvY69k","Zera"
"Dark Side (Live)","fOPGxQ4fgVw","Blind Channel"
"De Vuelta Pa' La Vuelta","VibGLc41UvQ","Daddy Yankee, Marc Anthony"
"Defense","99bvkZrVK3s","Kater Karma"
"DIAMANTI","ni3vEQRMvt4","SNIK"
"Dollar On You","QQlUzS00dVg","Kuami Eugene"
"Don't You Worry About Me","lPckvzufS90","Bad Boy Chiller Crew"
"Dynamite","gdZLi9oWNZg","BTS"
"Ech Mazel (Khrafa)","JrlOvPCVp-E","Redstar"
"El Foundou","v9YaVWH84p4","Mehdi Mouelhi"
"EL MAKINON","2jYEz66J_J4","Karol G, Mariah Angeliq"
"El Tóxico","7MacBC8cLjg","Grupo Firme, Carin Leon"
"Ella","iaeQDaukFc4","Boza"
"Empina Esse Cachorro Vira Lata","ciC0JzhlF-8","Anderson Neiff, troinha tr"
"Enfant de Dieu","GlfKkDHKMQg","Ks bloom"
"Engra","dQAiajg-B60","K-Dilak, Bedjine"
"Enjoy Enjaami","eYq7WapuDLU","Dhee, Santhosh Narayanan, Arivu"
"EVERY CHANCE I GET (feat. Lil Baby & Lil Durk)","BTivsHlVcGU","DJ Khaled"
"Extasy","nmsJslOpDGE","187 Strassenbande, Bonez MC, Frauenarzt"
"Faj Faj","9gCfxA5Eb7c","Gonee"
"Fallen Angel (Live)","Hj3dHbpPhaE","TIX"
"Faszagyerek (feat. Curtis)","lThYQGtonf8","T. Danny"
"Fericire","Gj-s3CPi4Vk","Jador & Loredana & Florin Salam & Costi"
"Ferrari Horses","sSSfeL_U2FU","D-Block Europe, RAYE"
"Fiel","o1lKMrLat_I","Los Legendarios, Wisin, Jhay Cortez"
"Fiksim","MKWXR6Ndw_4","FIFI, Bruno"
"Fiołkowe Pole","1rTV7DCnF3Y","Sobel, Piotrek Lewandowski"
"Flamenco y Bachata","AjrBn09nHis","Daviles de Novelda"
"Forever (Remix)","q5URc13jOv0","Gyakie, Omah Lay"
"Frans Duits","xqCmW05GmAo","--, Frans Duijts"
"Friday (Dopamine Re-Edit) (feat. Hypeman)","U6n2NcJ7rLc","Riton, Nightcrawlers, DoPaMine"
"From Rags to Riches","2c4vE7pT4KA","TeeJay"
"GANG GANG","U6c2gzFK64g","Haval"
"Gcina Impilo Yami","3LuQXrU5vww","DJ Cleo, Bucy Radebe"
"Gece Gündüz (feat. MERO)","KWkdY0NEWKI","Murda"
"Gelmesin","BiGJAsU0-No","İbrahim Tatlıses"
"Go Down Deh (feat. Shaggy & Sean Paul)","lZizLbWxr_E","Spice"
"God is Love","zRw2gNWuo2I","Beres Hammond, Popcaan"
"good 4 u","gNi_6U5Pm_o","Olivia Rodrigo"
"Gosto de Ti","uMwBTzpGmhs","Nininho, --"
"Goud","MlBQ8-B99iw","Suzan & Freek"
"Grandes Ligas","qqSMqgGuSgU","Lupillo Rivera, Alemán, Santa Fe Klan, Snoop Dogg, B-Real"
"Guuy","nJXGzao-5j0","Jeeba"
"Hajde","bor0Nuv90GY","Tea Tairović"
"Hey Boy","l0EC6dvS89M","Lady Diana"
"Hjulene På Bussen","fSDDn4l8JoQ","Popsi og Krelle"
"Humans","vnSf_-k3OgE","Nation Boss"
"HYARISON - OUI, MA BELLE KANAKY","pzEw0Yt84aU","Hyarison"
"Ich darf das","DfJG9sfqs_Q","Shirin David"
"Iko Iko (feat. Small Jam)","jWOWXojxA_A","Justin Wellington"
"In the morning","_ysomCGaZLw","ITZY"
"Independence Day Freestyle","DJazh4v53Ms","Fredo"
"Infinity (feat. Omah Lay)","Pu69SyqwPGg","Olamide"
"Ino Tiano","B4eEnfCCmfw","LJO"
"It's 1:15","oOdq_PmHoUE",""
"Itara","6nxbUjkCH8A","Davis D"
"J-Gado ft Santrinos Raphael - N'kogné Remix ( clip officiel )","Oj6OV4ev_7o","J-Gado"
"Jaanam Fida E Haideri","AzncGBTW8Sw","Amjad Baltistani"
"Jai Sulthan","4QC-xQwldcQ","Anirudh Ravichander, --, Gaana Guna"
"JÁTÉK","bgq_eLFQkQQ",""
"Je me casse (Live)","jbbc2yKnv0M","Destiny Chukunyere"
"Je n'ai rien fait","tKLMht33D34","Happy"
"Jehovah Overdo","jgcXR4U4kEc","Chidinma"
"Jerusalema (feat. Nomcebo Zikode)","fCZVL_8D048","Master KG"
"Jolie madame (feat. Ronisia)","YDrQMHYLtN0","Joé Dwèt Filé"
"Jumătatea mea mai bună","kjsSjqTde48","3rei Sud Est, Andra"
"KALI - ASI TO BUDE VEKOM (prod.HOODINI,skreče DJ MikroMan)","Z6o1c_0P34o","KALI, Kali"
"Kan Ya Ma Kan","CugJC4lutiU","Rawan"
"Kannu Hodiyaka","PyrbIANon98","Shreya Ghoshal"
"Khuza Gogo (feat. Mpura & M.J)","7WcPcVy3ksY","DBN Gogo, Blaqnick, Masterblaq"
"Kisa'm Te Fèw Ki Mal","TunFcFByq28","Wanito"
"Kiss Me More (feat. SZA)","0EVVKs6DQLo","Doja Cat"
"Knee Deep","I_AW8iO1sLs","Jay Morris Group"
"Korene","paVO_afik0w","Iconito, FS Zemplín"
"Kouroube","r7ASsk3fr_Y","Momo Choco"
"Krvn","8OQMEeOXGWI","Uzi"
"Kua Buaru","uo7qogkvRzI","Calema, Soraia Ramos, Perola, Manecas Costa"
"KURDA","gC1qQg3jJLw","Navid Zardi, Shanaz"
"Kutty Pattas","KfUExOXxU5Q","Santhosh Dhayanidhi, Rakshitha Suresh"
"Kyläbaari","FnA6NlRRxNw","Portion Boys"
"L'Amérique pleure","sYRp8oP0yiw","Les Cowboys Fringants"
"La kiffance","3r9vJI5OiV8","Naps"
"La La (feat. CKay)","NM8cY2VzqkI","Davido"
"La Mamá de la Mamá","s5yRZOQ3EWI","El Alfa, Chael Produciendo, CJ, El Cherry Scom"
"La Seleçao (feat. JUL & Naps)","larur6HCSko","Alonzo"
"lady","2yivf9LdbhI","Sangiovanni"
"Laventir Parfait","S5AqIU4-YCo","LION VIBE"
"Le temps","mUTsvbridvM","Tayc"
"Leave The Door Open","adLGHcj_fmA","Bruno Mars, Anderson .Paak, Silk Sonic"
"Leje","oT8amicWUBA","Melisa"
"Levitating (feat. DaBaby)","TUVcZfQe-Kw","Dua Lipa"
"LiYoshona (Main Mix)","eNvdkTtLJ7Y","Kwiish SA, Njelic, MalumNator, De Mthuda"
"Ljubav Mog Života","680SLJMNJUs","Luka Basi"
"Louk Ku Yun","Qvy6F58OUbc","Noly Record"
"Lut Gaye (feat. Emraan Hashmi)","sCbbMZ-q4-I","Jubin Nautiyal"
"Ma Passion","wdR2wsCusno","DJ STYX 687, Little Brooww & Bebey"
"Ma Suni Noaptea","4eneqPUWKdw","Bogdan DLP, Bob"
"MAFFIA","ThXdzKa7R9Y","Don Xhoni"
"malibu","0lvCoQuHuBQ","Sangiovanni"
"Martılar","NPUTdqYUa9A","Edis"
"Mata Hari","pZ--jzVEIUQ","Samira Efendi"
"Michoacán Nos Une","Zo_1yRsIjYs","Michoacán Nos Une"
"Miénteme","mmRBXjVENDQ","TINI, Maria Becerra"
"MIESTO","w7mCXksi3i4","IMT Smile, Ben Cristovao"
"Minyak Habih Samba Tak Lamak","ZVydao9jIJA","David Iztambul, Ovhi Firsty"
"Mo Pou Fight","tBxjlfrYS5s","Helix Dynasty"
"Mokambo Gang (feat. T. Danny)","xxYb4ZuUy8g","BSW"
"MONTERO (Call Me By Your Name)","6swmTBVI83k","Lil Nas X"
"Mporei","4DdPBhB2BOQ","Light, Eleni Foureira, Skive"
"Muộn Rồi Mà Sao Còn","xypzmu5mMPY","Sơn Tùng M-TP"
"My Life","IJzm6X5C4nE","Medz Boss"
"N'kogné","Oj6OV4ev_7o","J-Gado"
"Nadi Canadi","Uufffwh5GrQ","Tagne"
"Naħseb Fik","wknSQabkBoM","Aidan"
"Ndeye","ylqTBJon-V8","Jahman X-press"
"Next Level","4TWR90KJl84","aespa"
"No More Parties","d2-Hkg3loPU",""
"No More Parties (Remix)","0Cl0Jrtb7XM","Byron Messia"
"No Sé","SgFiWTl82Vo","Explosión De Iquitos"
"Nobody","-NCqC_BoUXc","Anjella"
"Noorus","12FMH4OJpAk","Hellad Velled"
"Nos ta drai (feat. Farly & Nello)","rzdLJ8MJrtE","2sync"
"OCEÁN","HXrKPymOiSQ",""
"Oh My Love","hAOpcD1FBJg","RaiM"
"On Me","ieTnO1Dvt-I","Lil Baby"
"Outside (Better Days)","VT0YV-hJHzg","MO3, Og Bobby Billions"
"Pareja Del Año","SRm2Ch4oFWs","Sebastián Yatra, Myke Towers"
"Pedrinha","AZ_JvGchz8g","Danni Gato, Vado Más Ki Ás"
"Pejam Celik Hari Raya","k5RawzRXeVE","Iman Troye"
"Pistola (Remix)","i3Go1KvZdYc","L-Gante, DT. Bilardo, El Mas Ladron, Damas Gratis"
"Plesi","9d7TDm6hvlE","Voyage (French Band), J Fado"
"Poblado","lkAUS2UxgmE","Crissin, Totoy El Frio, --"
"poullosophe","Ww5lZvztkS4","Straïker"
"Poznamenaný (feat. Viktor Sheen)","upknBG1VVtk","Robin Zoot"
"Quicksand","OLi5_8JWoAU","Morray"
"Rack - Kathikon","QDTgbzPUceE","Rack$"
"Ram Pam Pam","_wE3hDN06Qg","Natti Natasha, Becky G"
"Rampampam","XqgYj8atJqo","Minelli"
"RAPSTAR","w2IhccXakkE","Polo G"
"Rasia","mVBuxsrLvpM","Mantu Chhuria, Aseema Panda"
"Razzi Bolja","VT87DFblAxY","Harjeet Deewana"
"Rejs Dig Op Og Sæt Dig Ned","zWgawRPnIZU","Popsi og Krelle"
"Replay","VkCHwNSJHJg","Senidah"
"Rokit Bay ft. Anouca - HYZGAARGUI","y-p21fbzsyk","Rokit Bay"
"Roll Deep","3GtzlR2Hsps","10Tik"
"Running (To You)","9DpejbEJ5Gs","Chike, Simi"
"RUSSIAN WOMAN (Live)","ajfaz1CKZq0","Manizha"
"S'bali","OpiLr3Ien6I","Intaba Yase Dubai"
"Sabou No Wely","t-Bvof1kK-0","Saifond Balde"
"Sao Hanegnina","d-yRH5vrOYQ","LJO"
"Saranga Dariya","h9Am4CYaLng","Suddala Ashok Teja"
"Sarangi Ryai Ryai","p9HX5ksjERs","Pashupati Sharma, Samjhana Bhandari"
"Satru","fKVgm3_x-OI","Denny Caknan, Happy Asmara"
"Save Your Tears","XXYlFuWEuKI","The Weeknd"
"Scandal","tSG4clX8pIc","Medi"
"Seeti Maar","mvgRsyQYWMo","Kamaal Khan, Iulia Vântur"
"Sen","gAJVS_VnUMI","Tomáš Botló"
"SHOW","eEqau7Rnbmk","MORGENSHTERN"
"SHUM (Live)","lqvzDkgok_g","Go_A"
"Sika Aba Fie (Remix)","SlRZ6HMXEDY","Kweku Darlington"
"Síla Starejch Vín","WybFA3lZCSA","Škwor"
"Siro Nver","2kOcZ0SjSFg","Sona Rubenyan, Aram Mp3"
"Srdce nehasnou","BibNLUQG_-4","Karel Gott, Charlotte Ella Gottová"
"Street Runner","AeaR5QbXgpM","Rod Wave"
"Suco","4wgSb-wHku8","Ingomblock"
"Sukari","CCmItvVgn6Q","Zuchu"
"Summeryomuthi","AagjAUE8U8s","Blaq Diamond"
"Sunt O Forta","XQlj3C060f4","Jador, MORO, Lino Golden"
"Szavak nélkül","V6k7Geur5OA","Majka, Curtis"
"Səbr Elə (Acoustic)","5vppJrWii4k","Talib Tale, Zeynəb Həsəni"
"Talja (feat. Deepak Dhillon)","wyQg8bBIwLE","Jassa Dhillon"
"Tee mis sa tahad","MkMU6eGzEa8","Smilers"
"ten Stan","lthffObMcw0","sanah"
"Tequila","tb2wtXLBOxw","Nótár Mary, Kis Grófo"
"Thik Thak","HeJz7oWYtvE","Minda"
"Thoda Thoda Pyaar","USccSZnS8MQ","Stebin Ben"
"Tiempo","Y96p6qM0_Ag","Ozuna"
"Time To Rise","rvje5oblrLw","VannDa-វណ្ណដា, --"
"Tipo Gin (Ao Vivo)","Gx-PmS_C3k4","MC Kevin o Chris"
"To the Bone","oIYWenB637c","Pamungkas"
"Todo De Ti","CFPLIaMpGrY","Rauw Alejandro"
"Together","WW_bjlhHnQI","Mobile Legends Bang bang"
"Tombstone","wo9AlOrQ3iE","Rod Wave"
"Tommelfinger, Tommelfinger, Hvor Er Du","GBTmiHOQBDQ","Popsi og Krelle"
"Tout l'univers (Live)","jznH_fltcYA","Gjon's Tears"
"Track Star","KPfcycMj8BE","Mooski"
"Trap Star","kVHteVZqvEE","Lil Young, Baad Jury & WESTLND"
"Trốn Tìm (feat. MTV BAND)","Ws-QlpSltr8","Đen"
"Uma qalantid","nGJ9m9OUOgo","GULLEDSIMBA"
"Un coup (feat. Dadju)","G0mM2XdjmHo","Fally Ipupa"
"Upar Aabh Ne Niche Dharti","kuA4x21nGXY","Jignesh Barot"
"US (feat. Raja Kumari)","c8UUWkUJu6E","Sidhu Moose Wala"
"Us Tsaital Hamt","FyOuYaGOwKw","Uka, Nenê"
"Utani Xuva","_giIIrfmeB8","Liloca"
"V tvoeto leglo","AV53iHpyJWA","Preslava"
"Vakcina 2 (Live)","7X5aBayHg4M","Goci Bend"
"Veidomoni Qo E Yavalati Au","VfxdxOp7yW0","Savu Ni Delai Lomai, Voqa Kei Valenisau"
"Virgin","nPsntkvrc54","Jah Vinci"
"Voilà","VJuD7AnV-uw","Barbara Pravi"
"Volta Bebê, Volta Neném","x0EPgyNd9o0","Dj Guuga, DJ Ivis"
"Vroom","BZCXIXShEk4","Nucci"
"Vroum Vroum","7pKOYuE0-tc","Moha K"
"Wamali Var","UEKJkrCAyzk","Misha Xramovi"
"Welcome to My House (feat. Jesse Howard)","b1OtvpAZkvk","Nu Breed"
"Wellerman (Sea Shanty)","RSx1xWn0RJ0","Nathan Evans"
"White Teeth","V2GhUGSOhEc","YoungBoy Never Broke Again"
"Who? (feat. Tuggy, Peppers & Laffy)","-gozankpJdk","Byron Messia"
"Wockesha","AAhcBx5Bl-Y","Moneybagg Yo"
"Worki W Tłum","kDp-MYkjJ5A","OKI, Young Igi, Otsochodzi"
"Ya Hasra","tS8nzAQg_8k","Balti"
"Yaarake Naazdaana","Y0NEl_bPDjQ","Jawid Sharif, Madina Aknazarova"
"Yako","RiXYByWfg1Q","Malakey"
"You’re Mines Still (feat. Drake)","_bptrMV3zHE","Yung Bleu"
"Zatmenie","cZJMUm3qKt4","Ego, Stylko"
"Zij aan zij","PCVjw1Qzh9o","Kinderen voor Kinderen"
"ZinZin","9CHSMylQYdw","AMZY"
"¿Quién Te Crees? (feat. Calibre 50)","8O6UEglUuck","MC Davo"
"Νικόλας Αντωνιάδης - Αν μ΄ αγαπάς όσο κι εγώ - Official Lyric Video","QDWjDsfYHJ0",""
"Горький вкус","Bx8Fo7WRpXg","Султан Лагучев"
"Девочка из Караганда","4PO1ru83XMw","Madi"
"Дежавю","D83kYtgLZpI","Artem Pivovarov"
"Клип на самую ПОПУЛЯРНУЮ песню в Чечне ","Px6OLhhp-uE","Петимат Хамзатова"
"Магатде ахьа сан са","NL1Le0RYnB0","Макка Дамаева"
"Мальчик на девятке","yhbabJIavhk","Dead Blonde"
"Момиче от лед","yMP2DxKBbbY","SIMONA"
"Сені сүйем","LTuV7OkKQAA","Kairat Nurtas"
"Сүрдөтпөчү","Lx3vGv_lpU4","Мирбек Атабеков"
"Уяласың го","ZVV9gaJvRwM","Erlan Andashev"
"Юность","aqsgyOhrRMY","Dabro"
"Ягода малинка","Rt2zZSaOFtw","Khabib"
"בית משוגעים","PqxUV9xk7T4","Ran Danker"
"ככה בלי שלום","F1eJ6yM1tOw","Sarit Hadad"
"מועבט (Moabet)","yoIeg9B8EEg","Eden Ben Zaken, Itay Galo"
"פרצופים","w6vEE4NxlYw","Omer Adam"
"أحلى صبية (Ahla Sabiyeh)","lQde-T9Q0k4","Amjad Jomaa"
"احمد الحارث - بدر الكمال | NEW2021 | اغاني سودانية 2021","FiGGOJs_TyQ",""
"اشكر جمالك","0DRxVDWF9r8","Abdullah Al Mokhles"
"الدنيا دوارة","5SzP-0pwVfI","Bader Alezzi"
"تريند الأول (Trend Al Awal)","z6FWCL_ryZE","Mohanad Zaiter"
"تهران توکیو (Tehran Tokyo)","NNtMb0DrBRA","Sasy Mankan"
"جديد قتادة وسوهندا - شاغل التلفون","f9E7MNRQgIg",""
"حته تانيه (Hetta Tanya)","gbt6cTZSKgo","Ruby"
"ساعه بس","3iliclKemIk","Mohammed Bin Grman"
"كلنا مننجر","Z_N1228e0jM","Wael Kfoury"
"لاوکێ من (Lawke Min) (feat. Romi Herki)","CQkwNP9H1AI","Alend Hazim"
"لفلي حشيش (Leffely Hashish)","191TMYmOUiY","Rabih El Omary"
"لوجه التاني (Lewjah Tani)","3koMzPZTRVE","Saad Lamjarred, Zouhair Bahaoui"
"ماشافوهاش","m0_SMiOecko","Mouh Milano"
"ممكن (Momken)","Lex4NKotiw4","Saif Nabeel, Balqees"
"कुँवारे में गंगा नहईले बानी","YyVI46K8q9E","Ankush Raja, Shilpi Raj"
"नदी बिचे नईया डोले","9MQ-Cf8zZCo","Shilpi Raj"
"คิดฮอดรู้หม้าย","GvcDA7A9hSE","คิว สราวุฒิ"
"ทน","wNO6kMJB63I","Sprite, GUYGEEGEE"
"เพื่อนเล่น ไม่เล่นเพื่อน (Just Being Friendly) (feat. Milli)","AJEoJYgktb4","Tilly Birds"
"ແພງອ້າຍ ( แพงอ้าย ) (feat. NUTDAO, แบกือ & BigYai)","D3H3ZAFsdF4","Sophana"
"განდაგანა (Gandagana)","NrIom8nKrSE","Bani"
"በረከት ተስፋዬ Bereket Tesfaye ተቀሰቀሰ Teqeseqese","PFz86B8TjRM","Bereket Tesfaye"
"የሀገር ካስማ (Yehager Kasma)","uSaDZhB5Csw","Sayat Demissie"
"嘉宾","8ux25IcLr8w","张远"
"愛情你比我想的閣較偉大","0rp3pP2Xwhs","EggPlantEgg"
"踊","YnSW8ian29w","Ado"
"错位时空","EDLanl2PC_I","艾辰"
"맛 (Hot Sauce)","PkKnp4SdE-w","NCT DREAM"
