"max_views","country_name","geonameid","artist_name","views","artist_link","track_name","track_link","location_id","rank","date_range","google_place_id","latitude","longitude","formatted_address","country_name","iso","views_formatted"
283000,"Afghanistan",NULL,"Jawid Sharif, Madina Aknazarova","283K","","آفتاب (Aaftaab)","Ftd2N4jg3GI","0x38d16eb6f8ff026d:0xf3b5460dbe96da78",0,20210315,"None",33.93911,67.709953,"Afghanistan","Afghanistan","AF",283000
1940000,"Albania",NULL,"Tayna, Flori Mumajesi, Cricket","1.94M","","Magdalena","hXQ2Ld6DxOM","0x13453bf3bd274c2d:0x77ce589d6983bee",0,20210315,"None",41.153332,20.168331,"Albania","Albania","AL",1940000
19300,"Andorra",NULL,"Bad Bunny, Rosalía","19.3K","","LA NOCHE DE ANOCHE","f5omY8jVrSM","0x12a5f52e989ef095:0x7c93ed778ea7f92",0,20210315,"None",42.506285,1.521801,"Andorra","Andorra","AD",19300
634000,"Angola",NULL,"C4 Pedro","634K","","Nossas Coisas","vH1k6LVSSOQ","0x1a51f24ecaad8b27:0x590a289d0d4a4e3d",0,20210315,"None",-11.202692,17.873887,"Angola","Angola","AO",634000
10100,"Anguilla",NULL,"Jah Vinci","10.1K","","Virgin","nPsntkvrc54","0x8c0e63748eef01e5:0x3b9d6ad384e0d481",0,20210315,"None",18.220554,-63.068615,"Anguilla","Anguilla","AI",10100
43700,"Antigua and Barbuda",NULL,"Skillibeng","43.7K","","Coke","zUrXtyEz-gQ","0x8c0d6eb96db8d1c1:0x276a3788e18b7994",0,20210315,"None",17.060816,-61.796428,"Antigua and Barbuda","Antigua and Barbuda","AG",43700
27200000,"Argentina",NULL,"Juhn","27.2M","","Bandido","W6fme7tcweQ","0x95bccaf5f5fdc667:0x3d2f77992af00fa8",0,20210315,"None",-38.416097,-63.616672,"Argentina","Argentina","AR",27200000
1420000,"Armenia",NULL,"Султан Лагучев","1.42M","","Горький вкус","Bx8Fo7WRpXg","0x40155684e773bac7:0xd0b4757aeb822d23",0,20210315,"None",40.069099,45.038189,"Armenia","Armenia","AM",1420000
42800,"Aruba",NULL,"Juhn","42.8K","","Bandido","W6fme7tcweQ","0x8e8538cfe25a77db:0xf16a8a3e89818c2f",0,20210315,"None",12.52111,-69.968338,"Aruba","Aruba","AW",42800
1740000,"Australia",NULL,"Olivia Rodrigo","1.74M","","drivers license","ZmDBbnmKpqQ","0x2b2bfd076787c5df:0x538267a1955b1352",0,20210315,"None",-25.274398,133.775136,"Australia","Australia","AU",1740000
732000,"Austria",NULL,"Master KG","732K","","Jerusalema","fCZVL_8D048","0x476d079b259d2a7f:0x1012d47bdde4c1af",0,20210315,"None",47.516231,14.550072,"Austria","Austria","AT",732000
4000000,"Azerbaijan",NULL,"Punhan Piriyev","4M","","Dunya","Mdqe2c6qOV4","0x40307cd91aa21ddf:0xe6c9526b3e83cd08",0,20210315,"None",40.143105,47.576927,"Azerbaijan","Azerbaijan","AZ",4000000
208000,"Bahamas, The",NULL,"Yung Bleu","208K","","You’re Mines Still","_bptrMV3zHE","0x88d69a3bb2480f3d:0x133eb4836ac779e5",0,20210315,"None",25.03428,-77.39628,"The Bahamas","Bahamas, The","BS",208000
226000,"Bahrain",NULL,"Aseel Hameem","226K","","يشبهك قلبي","AspEaxovpWA","0x3e48524e6a47a211:0x2e9450e2dbda1046",0,20210315,"None",26.0667,50.5577,"Bahrain","Bahrain","BH",226000
7190000,"Bangladesh",NULL,"Parampara Thakur","7.19M","","Chhor Denge","hGf8rOwFzvo","0x30adaaed80e18ba7:0xf2d28e0c4e1fc6b",0,20210315,"None",23.684994,90.356331,"Bangladesh","Bangladesh","BD",7190000
120000,"Barbados",NULL,"Yung Bleu","120K","","You’re Mines Still","_bptrMV3zHE","0x8c43f1fbae321aa3:0xeec51b38cf4362b",0,20210315,"None",13.193887,-59.543198,"Barbados","Barbados","BB",120000
3010000,"Belarus",NULL,"Khabib","3.01M","","Ягода малинка","Rt2zZSaOFtw","0x46da2584e2ad4881:0xa1d181ec8c10",0,20210315,"None",53.709807,27.953389,"Belarus","Belarus","BY",3010000
130000,"Belize",NULL,"Juhn","130K","","Bandido","W6fme7tcweQ","0x8f5c5b3ec112faf9:0xf64a8a4d3f1ee34e",0,20210315,"None",17.189877,-88.49765,"Belize","Belize","BZ",130000
18200,"Bermuda",NULL,"Yung Bleu","18.2K","","You’re Mines Still","_bptrMV3zHE","0x8a2d139e8668b0a5:0x3cdffdc72c99b8bc",0,20210315,"None",32.3078,-64.7505,"Bermuda","Bermuda","BM",18200
3860000,"Bolivia",NULL,"Juhn","3.86M","","Bandido","W6fme7tcweQ","0x915edf8977bba295:0x1c9ec2bb0115edbf",0,20210315,"None",-16.290154,-63.588653,"Bolivia","Bolivia","BO",3860000
2340000,"Bosnia and Herzegovina",NULL,"NUCCI","2.34M","","Vroom","BZCXIXShEk4","0x134ba215c737a9d7:0x6df7e20343b7e90c",0,20210315,"None",43.915886,17.679076,"Bosnia and Herzegovina","Bosnia and Herzegovina","BA",2340000
85100000,"Brazil",NULL,"Raí Saia Rodada","85.1M","","Tapão Na Raba","FnjexNf7Pdo","0x9c59c7ebcc28cf:0x295a1506f2293e63",0,20210315,"None",-14.235004,-51.92528,"Brazil","Brazil","BR",85100000
216000,"Brunei",NULL,"Giveon","216K","","Heartbreak Anniversary","uWRlisQu4fo","0x3218994b04b8b9d1:0x5dfe3580dd09dad6",0,20210315,"None",4.535277,114.727669,"Brunei","Brunei","BN",216000
4680000,"Bulgaria",NULL,"ToTo H, Slavi Trifonov, Ku-Ku Band","4.68M","","Изкушение","oX1gULkPxaQ","0x40a8fec1c85bf089:0xa01269bf4c10",0,20210315,"None",42.733883,25.48583,"Bulgaria","Bulgaria","BG",4680000
485000,"Burkina Faso",NULL,"Kayawoto","485K","","KAYAWOTO - Toongo (Clip Officiel) by San Remy","gRJMnSY6N7c","0xe2dca26d5a6709b:0x27930aed46836dab",0,20210315,"None",12.238333,-1.561593,"Burkina Faso","Burkina Faso","BF",485000
5280000,"Cambodia",NULL,"VannDa-វណ្ណដា","5.28M","","SOLO","FQy2vjF3pJw","0x310787bfd4dc3743:0xe4b7bfe089f41253",0,20210315,"None",12.565679,104.990963,"Cambodia","Cambodia","KH",5280000
560000,"Cameroon",NULL,"Fally Ipupa","560K","","Un coup","G0mM2XdjmHo","0x10613753703e0f21:0x2b03c44599829b53",0,20210315,"None",7.369722,12.354722,"Cameroon","Cameroon","CM",560000
2380000,"Canada",NULL,"The Weeknd","2.38M","","Save Your Tears","XXYlFuWEuKI","0x4b0d03d337cc6ad9:0x9968b72aa2438fa5",0,20210315,"None",56.130366,-106.346771,"Canada","Canada","CA",2380000
83900,"Cape Verde",NULL,"Loreta KBA","83.9K","","Skeci di mi","HcmDUEzjJvs","0x9358f2159115131:0x6b1af236f918ea1f",0,20210315,"None",16.5388,-23.0418,"Cape Verde","Cape Verde","CV",83900
14200,"Cayman Islands",NULL,"Skillibeng","14.2K","","Coke","zUrXtyEz-gQ","0x8f25863e2fb8aa29:0x7045c4d38770715e",0,20210315,"None",19.3133,-81.2546,"Cayman Islands","Cayman Islands","KY",14200
25200000,"Colombia",NULL,"Juhn","25.2M","","Bandido","W6fme7tcweQ","0x8e15a43aae1594a3:0x9a0d9a04eff2a340",0,20210315,"None",4.570868,-74.297333,"Colombia","Colombia","CO",25200000
409000,"Congo, Democratic Republic of the",NULL,"Innoss'B","409K","","MEME","kFpD3EeiqM0","0x1979facf9a7546bd:0x4c63e5eac93f141",0,20210315,"None",-4.038333,21.758664,"Democratic Republic of the Congo","Congo, Democratic Republic of the","CD",409000
3020000,"Costa Rica",NULL,"Juhn","3.02M","","Bandido","W6fme7tcweQ","0x8f92e56221acc925:0x6254f72535819a2b",0,20210315,"None",9.748917,-83.753428,"Costa Rica","Costa Rica","CR",3020000
1830000,"Cote d'Ivoire",NULL,"Fior 2 Bior, Niska","1.83M","","Gnonmi avec lait","TQtwXWk3gJQ","0xf961387b049a067:0x1f91e627cb9ee40",0,20210315,"None",7.539989,-5.54708,"Côte d'Ivoire","Cote d'Ivoire","CI",1830000
1440000,"Croatia",NULL,"NUCCI","1.44M","","Vroom","BZCXIXShEk4","0x133441080add95ed:0xa0f3c024e1661b7f",0,20210315,"None",45.1,15.2000001,"Croatia","Croatia","HR",1440000
40000,"Curacao",NULL,"Rich Kalashh","40K","","Sintimentu","TQ44tCxusPc","0x8e849dbe62c7fdc7:0xfc7f9228dbc64723",0,20210315,"None",12.16957,-68.99002,"Curaçao","Curacao","CW",40000
263000,"Cyprus",NULL,"Elena Tsagkrinou","263K","","El Diablo","HRIvhTSUDnU","0x14de1767ca494d55:0x324c3c807fc4146e",0,20210315,"None",35.126413,33.429859,"Cyprus","Cyprus","CY",263000
797000,"Czech Republic",NULL,"--","797K","","Planeta Zombie","TRsDgmNzo2w","0x470b948fd7dd8243:0xf8661c75d3db586f",0,20210315,"None",49.817492,15.472962,"Czechia","Czech Republic","CZ",797000
700000,"Denmark",NULL,"Fyr Og Flamme","700K","","Øve Os På Hinanden (Live)","l03uV7u4zzA","0x464b27b6ee945ffb:0x528743d0c3e092cd",0,20210315,"None",56.26392,9.501785,"Denmark","Denmark","DK",700000
24000,"Dominica",NULL,"Prince Swanny","24K","","Entanglement","oYFubDAO3LI","0x8c14d2faf2155a15:0x49b39109053afd3c",0,20210315,"None",15.414999,-61.370976,"Dominica","Dominica","DM",24000
7560000,"Ecuador",NULL,"Bad Bunny, Rosalía","7.56M","","LA NOCHE DE ANOCHE","f5omY8jVrSM","0x902387dda89a4bd5:0x9d76af04119c3702",0,20210315,"None",-1.831239,-78.183406,"Ecuador","Ecuador","EC",7560000
3100000,"El Salvador",NULL,"Juhn","3.1M","","Bandido","W6fme7tcweQ","0x8f6327a659640657:0x6f9a16eb98854832",0,20210315,"None",13.794185,-88.89653,"El Salvador","El Salvador","SV",3100000
122000,"Estonia",NULL,"Khabib","122K","","Ягода малинка","Rt2zZSaOFtw","0x4692949c82a04bfd:0x40ea9fba4fb425c3",0,20210315,"None",58.595272,25.0136071,"Estonia","Estonia","EE",122000
489000,"Ethiopia",NULL,"Yehunie Belay","489K","","Dem Dem","4bn63pRYaac","0x1635d0cedd6cfd2b:0x7bf6a67f5348c55a",0,20210315,"None",9.145,40.489673,"Ethiopia","Ethiopia","ET",489000
10000,"Faroe Islands",NULL,"Olivia Rodrigo","10K","","drivers license","ZmDBbnmKpqQ","0x48bc1593762df9eb:0x3fb0314864f71b24",0,20210315,"None",61.892635,-6.9118061,"Faroe Islands","Faroe Islands","FO",10000
312000,"Fiji",NULL,"Tegu Ni Nayarabale","312K","","Vuni Lomaqu","ZCNScUPLcEo","0x6e1990fd703cdc5d:0x9e9c319946ef5b93",0,20210315,"None",-17.713371,178.065032,"Fiji","Fiji","FJ",312000
651000,"Finland",NULL,"Blind Channel","651K","","Dark Side (Live)","cIvaeu6Oxzc","0x4681cadf4b32f6dd:0x146d63c75a810",0,20210315,"None",61.92411,25.7481511,"Finland","Finland","FI",651000
47900,"French Polynesia",NULL,"Pierpoljak","47.9K","","Triomphe de l'amour","c4F3gm-f0fI","0x741875d07c6dd74d:0x9bc07a7a09c35711",0,20210315,"None",-17.679742,-149.406843,"French Polynesia","French Polynesia","PF",47900
276000,"Gabon",NULL,"Fally Ipupa","276K","","Un coup","G0mM2XdjmHo","0x107f3b8a5438f3ed:0x7b0cc30e36786b15",0,20210315,"None",-0.803689,11.609444,"Gabon","Gabon","GA",276000
896000,"Georgia",NULL,"Тамара Кутидзе","896K","","Докурю и брошу","9zcyNcPwjFs","0x40440cd7e64f626b:0x4f907964122d4ac2",0,20210315,"None",42.315407,43.356892,"Georgia","Georgia","GE",896000
5970000,"Germany",NULL,"Nathan Evans","5.97M","","Wellerman (Sea Shanty)","RSx1xWn0RJ0","0x479a721ec2b1be6b:0x75e85d6b8e91e55b",0,20210315,"None",51.165691,10.451526,"Germany","Germany","DE",5970000
445000,"Ghana",NULL,"Yaw Tog, Stormzy, Kwesi Arthur","445K","","Sore (Remix)","o_WlT8WA1No","0xfd75acda8dad6c7:0x54d7f230d093d236",0,20210315,"None",7.946527,-1.023194,"Ghana","Ghana","GH",445000
10000,"Gibraltar",NULL,"Juhn","10K","","Bandido","W6fme7tcweQ","0xd0cbf762714be35:0x384e25263600870f",0,20210315,"None",36.140751,-5.353585,"Gibraltar","Gibraltar","GI",10000
2020000,"Greece",NULL,"","2.02M","","Rack - Davay","Ut38Ic3Ssgo","0x135b4ac711716c63:0x363a1775dc9a2d1d",0,20210315,"None",39.074208,21.824312,"Greece","Greece","GR",2020000
85900,"Grenada",NULL,"Skillibeng","85.9K","","Coke","zUrXtyEz-gQ","0x8c381789f4877bd1:0x36d8c7015a1f4f8e",0,20210315,"None",12.1165,-61.679,"Grenada","Grenada","GD",85900
133000,"Guam",NULL,"Giveon","133K","","Heartbreak Anniversary","uWRlisQu4fo","0x671f76ff930f24ef:0x5571ae91c5b3e5a6",0,20210315,"None",13.444304,144.793731,"Guam","Guam","GU",133000
3550000,"Guatemala",NULL,"Juhn","3.55M","","Bandido","W6fme7tcweQ","0x8588135036e7506b:0x35982b375b84d5bb",0,20210315,"None",15.783471,-90.230759,"Guatemala","Guatemala","GT",3550000
10000,"Guernsey",NULL,"Olivia Rodrigo","10K","","drivers license","ZmDBbnmKpqQ","0x480d20e4f4bfb3ed:0x990ad58a5d0d9899",0,20210315,"None",49.465691,-2.585278,"Guernsey","Guernsey","GG",10000
71000,"Guinea",NULL,"Bébé Baya","71K","","Bebe Baya - Dominée (Clip officiel)","dWH5Ng8o5oo","0xf01b321bcce953f:0xe8737bcbd75a2df6",0,20210315,"None",9.945587,-9.696645,"Guinea","Guinea","GN",71000
209000,"Guyana",NULL,"Skillibeng","209K","","Coke","zUrXtyEz-gQ","0x8dafefaf60d8c2b3:0x48e38867b6e54440",0,20210315,"None",4.860416,-58.93018,"Guyana","Guyana","GY",209000
902000,"Haiti",NULL,"Wendyyy","902K","","Sil Pa Nou Li Pa Bon","bxLQbbBZ_7M","0x8eb6c6f37fcbbb11:0xb51438b24c54f6d3",0,20210315,"None",18.971187,-72.285215,"Haiti","Haiti","HT",902000
3930000,"Honduras",NULL,"Juhn","3.93M","","Bandido","W6fme7tcweQ","0x8f6a751a73b731cf:0x7ed1de82b6fb8264",0,20210315,"None",15.199999,-86.241905,"Honduras","Honduras","HN",3930000
788000,"Hong Kong",NULL,"ROSÉ","788K","","On The Ground","CKZvWhCqx1s","0x3403e2eda332980f:0xf08ab3badbeac97c",0,20210315,"None",22.396428,114.109497,"Hong Kong","Hong Kong","HK",788000
4540000,"Hungary",NULL,"Nemazalány","4.54M","","Üres Szívek","COmSsdf3V00","0x4741837bdf37e4c3:0xc4290c1e1010",0,20210315,"None",47.162494,19.5033041,"Hungary","Hungary","HU",4540000
40800,"Iceland",NULL,"Daði Freyr","40.8K","","10 Years (Live)","1zTbVRPh5EI","0x48d22b52a3eb6043:0x6f8a0434e5c1459a",0,20210315,"None",64.963051,-19.020835,"Iceland","Iceland","IS",40800
304000000,"India",NULL,"Jubin Nautiyal","304M","","Lut Gaye","sCbbMZ-q4-I","0x30635ff06b92b791:0xd78c4fa1854213a6",0,20210315,"None",20.593684,78.96288,"India","India","IN",304000000
20800000,"Indonesia",NULL,"Giveon","20.8M","","Heartbreak Anniversary","uWRlisQu4fo","0x2c4c07d7496404b7:0xe37b4de71badf485",0,20210315,"None",-0.789275,113.921327,"Indonesia","Indonesia","ID",20800000
17200,"Iran",NULL,"Sasy","17.2K","","تهران توکیو (Tehran Tokyo)","NNtMb0DrBRA","0x3ef7ec2ec16b1df1:0x40b095d39e51face",0,20210315,"None",32.427908,53.688046,"Iran","Iran","IR",17200
13500,"Isle of Man",NULL,"Nathan Evans","13.5K","","Wellerman (Sea Shanty)","RSx1xWn0RJ0","0x48638530442e81d5:0xea025bbcf1f0e00d",0,20210315,"None",54.236107,-4.548056,"Isle of Man","Isle of Man","IM",13500
4140000,"Israel",NULL,"Noa Kirel","4.14M","","יהלומים (BLING BLING)","X7iLyas7Oi4","0x1500492432a7c98b:0x6a6b422013352cba",0,20210315,"None",31.046051,34.851612,"Israel","Israel","IL",4140000
9950000,"Italy",NULL,"Colapesce, Dimartino","9.95M","","Musica leggerissima","Q7NjUxGMv7Y","0x12d4fe82448dd203:0xe22cf55c24635e6f",0,20210315,"None",41.87194,12.56738,"Italy","Italy","IT",9950000
1480000,"Jamaica",NULL,"Jah Vinci","1.48M","","Virgin","nPsntkvrc54","0x8eda2a1bc6cf719d:0x59a0d1c0b5120efa",0,20210315,"None",18.109581,-77.297508,"Jamaica","Jamaica","JM",1480000
51000000,"Japan",NULL,"Ado","51M","","うっせぇわ","Qp3b-RXtz4w","0x34674e0fd77f192f:0xf54275d47c665244",0,20210315,"None",36.204824,138.252924,"Japan","Japan","JP",51000000
10700,"Jersey",NULL,"Olivia Rodrigo","10.7K","","drivers license","ZmDBbnmKpqQ","0x480c52a48c927533:0x519c23a30a1a6cc3",0,20210315,"None",49.214439,-2.13125,"Jersey","Jersey","JE",10700
3690000,"Jordan",NULL,"Hamza Namira","3.69M","","فاضي شوية","guCwdHngTmM","0x15006f476664de99:0x8d285b0751264e99",0,20210315,"None",30.585164,36.238414,"Jordan","Jordan","JO",3690000
4950000,"Kazakhstan",NULL,"Khabib","4.95M","","Ягода малинка","Rt2zZSaOFtw","0x38a91007ecfca947:0x5f7b842fe4b30e1b",0,20210315,"None",48.019573,66.923684,"Kazakhstan","Kazakhstan","KZ",4950000
6150000,"Kenya",NULL,"Zuchu","6.15M","","Sukari","CCmItvVgn6Q","0x182780d08350900f:0x403b0eb0a1976dd9",0,20210315,"None",-0.023559,37.906193,"Kenya","Kenya","KE",6150000
18000000,"Korea, South",NULL,"브레이브걸스","18M","","롤린 (Rollin')","3cZrxpK2EAQ","0x356455ebcb11ba9b:0x91249b00ba88db4b",0,20210315,"None",35.907757,127.766922,"South Korea","Korea, South","KR",18000000
18000,"Kosovo",NULL,"Saweetie","18K","","Best Friend","_xJUCsyMQes","0x13537af354bf7df1:0xbfffeedfabc31791",0,20210315,"None",42.6026359,20.902977,"Kosovo","Kosovo","XK",18000
996000,"Kuwait",NULL,"Fadel Chaker","996K","","إبقى قابلني","mJlZT7iQjLg","0x3fc5363fbeea51a1:0x74726bcd92d8edd2",0,20210315,"None",29.31166,47.481766,"Kuwait","Kuwait","KW",996000
1440000,"Kyrgyzstan",NULL,"Султан Лагучев","1.44M","","Горький вкус","Bx8Fo7WRpXg","0x3897381dfce927f3:0x281058b74e88c433",0,20210315,"None",41.20438,74.766098,"Kyrgyzstan","Kyrgyzstan","KG",1440000
3170000,"Laos",NULL,"Monkaen Kaenkoon, มีนตรา อินทิรา","3.17M","","ยังฮักไผอีกได้บ่","ISsHnqkIpIs","0x31149057b0824589:0xec592481f99cd81",0,20210315,"None",19.85627,102.495496,"Laos","Laos","LA",3170000
436000,"Latvia",NULL,"Slava Marlow","436K","","Ты Горишь Как Огонь","-aqvsalKrrk","0x46e930677b8a9afd:0xcfcd68f2fc10",0,20210315,"None",56.879635,24.603189,"Latvia","Latvia","LV",436000
2610000,"Lebanon",NULL,"Lama Shreif","2.61M","","يما أنا اللي ريدو (Yomma Ana Li Rido)","ff1UOTiuNVI","0x151f17028422aaad:0xcc7d34096c00f970",0,20210315,"None",33.854721,35.862285,"Lebanon","Lebanon","LB",2610000
1990000,"Libya",NULL,"Balti","1.99M","","Ya Hasra","tS8nzAQg_8k","0x13a892d98ece010d:0xfa076041c7f9c22a",0,20210315,"None",26.3351,17.228331,"Libya","Libya","LY",1990000
965000,"Lithuania",NULL,"The Roop","965K","","Discoteque","CWqrdzNoBKA","0x46dd94140f33be13:0xf30a54d3a55dbab9",0,20210315,"None",55.169438,23.881275,"Lithuania","Lithuania","LT",965000
57100,"Luxembourg",NULL,"Tayc","57.1K","","Le temps","mUTsvbridvM","0x479545b9ca212147:0x64db60f602d392ef",0,20210315,"None",49.815273,6.129583,"Luxembourg","Luxembourg","LU",57100
140000,"Macau",NULL,"艾辰","140K","","错位时空","EDLanl2PC_I","0x34017ae0e235c8f3:0xc67be32cb485acf6",0,20210315,"None",22.198745,113.543873,"Macau","Macau","MO",140000
209000,"Madagascar",NULL,"Nael","209K","","Veloma","d9S2gXtqmjQ","0x21d1a4e3ea238545:0x5244e3c1977b1388",0,20210315,"None",-18.766947,46.869107,"Madagascar","Madagascar","MG",209000
5690000,"Malaysia",NULL,"Giveon","5.69M","","Heartbreak Anniversary","uWRlisQu4fo","0x3034d3975f6730af:0x745969328211cd8",0,20210315,"None",4.210484,101.975766,"Malaysia","Malaysia","MY",5690000
85100,"Maldives",NULL,"Parampara Thakur","85.1K","","Chhor Denge","hGf8rOwFzvo","0x24b599bfaafb7bbd:0x414509e181956289",0,20210315,"None",3.202778,73.22068,"Maldives","Maldives","MV",85100
182000,"Mali",NULL,"Oudé Mill","182K","","Kouma bey","U8pOi7nIOg0","0xe143e881b1073cf:0xbb3a5be2a0bdcf80",0,20210315,"None",17.570692,-3.996166,"Mali","Mali","ML",182000
81400,"Malta",NULL,"Red Electrick","81.4K","","Mistake","8v-rnbBdPHM","0x130e45281d8647c5:0xf582d86136be4239",0,20210315,"None",35.937496,14.375416,"Malta","Malta","MT",81400
82900,"Mauritania",NULL,"Saad Lamjarred, Zouhair Bahaoui","82.9K","","لوجه التاني (Lewjah Tani)","3koMzPZTRVE","0xe80b8c314b3394f:0x83220bebd6be534e",0,20210315,"None",21.00789,-10.940835,"Mauritania","Mauritania","MR",82900
881000,"Mauritius",NULL,"Helix Dynasty","881K","","Mo Pou Fight","n2dafRununo","0x217c504df94474c9:0x4203d9c2116bd031",0,20210315,"None",-20.348404,57.552152,"Mauritius","Mauritius","MU",881000
37100000,"Mexico",NULL,"Juhn","37.1M","","Bandido","W6fme7tcweQ","0x84043a3b88685353:0xed64b4be6b099811",0,20210315,"None",23.634501,-102.552784,"Mexico","Mexico","MX",37100000
1650000,"Moldova, Republic of",NULL,"Султан Лагучев","1.65M","","Горький вкус","Bx8Fo7WRpXg","0x40c97c3628b769a1:0x258119acdf53accb",0,20210315,"None",47.411631,28.369885,"Moldova","Moldova, Republic of","MD",1650000
10000,"Monaco",NULL,"SCH, Kofs, JUL, Naps, Soso Maness, Elams, Solda, Houari","10K","","Bande Organisée","-CVn3-3g_BI","0x12cdc26f7b3f8531:0x74f7784c3ac49cfc",0,20210315,"None",43.7384176,7.4246158,"Monaco","Monaco","MC",10000
796000,"Mongolia",NULL,"Vandebo","796K","","Odoo Yarii","ZEN36T45g9M","0x3627050669aa6d4b:0xe0dd213937e6e096",0,20210315,"None",46.862496,103.846656,"Mongolia","Mongolia","MN",796000
656000,"Montenegro",NULL,"NUCCI","656K","","Vroom","BZCXIXShEk4","0x134c3217242c1fcb:0x384c9d866effd346",0,20210315,"None",42.708678,19.37439,"Montenegro","Montenegro","ME",656000
9760000,"Morocco",NULL,"Saad Lamjarred","9.76M","","الغادي وحدو","El2QEy1lPFw","0xd0b88619651c58d:0xd9d39381c42cffc3",0,20210315,"None",31.791702,-7.09262,"Morocco","Morocco","MA",9760000
372000,"Mozambique",NULL,"C4 Pedro","372K","","Nossas Coisas","vH1k6LVSSOQ","0x18d4aceae6fd4ac5:0x12bbbfb9ae16a115",0,20210315,"None",-18.665695,35.529562,"Mozambique","Mozambique","MZ",372000
3010000,"Nepal",NULL,"BB Anuragee","3.01M","","Jodi (Live)","2vInB81qWkY","0x3995e8c77d2e68cf:0x34a29abcd0cc86de",0,20210315,"None",28.394857,84.124008,"Nepal","Nepal","NP",3010000
1330000,"Netherlands",NULL,"Jake Reese, Pommelien Thijs","1.33M","","Nu Wij Niet Meer Praten","FtiWKGwxrlA","0x47c609c3db87e4bb:0xb3a175ceffbd0a9f",0,20210315,"None",52.132633,5.291266,"Netherlands","Netherlands","NL",1330000
90900,"New Caledonia",NULL,"Yelo","90.9K","","Atem","8yhpgPXvXRo","0x6c27e2693f1a32cb:0xf6d0f68fd5937aec",0,20210315,"None",-20.904305,165.618042,"New Caledonia","New Caledonia","NC",90900
534000,"New Zealand",NULL,"Giveon","534K","","Heartbreak Anniversary","uWRlisQu4fo","0x6d2c200e17779687:0xb1d618e2756a4733",0,20210315,"None",-40.900557,174.885971,"New Zealand","New Zealand","NZ",534000
664000,"Nigeria",NULL,"Teni","664K","","FOR YOU","Y5QUVma7_g4","0x104e0baf7da48d0d:0x99a8fe4168c50bc8",0,20210315,"None",9.081999,8.675277,"Nigeria","Nigeria","NG",664000
10000,"Northern Mariana Islands",NULL,"Olivia Rodrigo","10K","","drivers license","ZmDBbnmKpqQ","0x66d8b13490995c51:0x9db7ebab7c3a0e32",0,20210315,"None",15.0979,145.6739,"Northern Mariana Islands","Northern Mariana Islands","MP",10000
545000,"Norway",NULL,"TIX","545K","","Fallen Angel (Live)","bp2kfhuv8ZU","0x461268458f4de5bf:0xa1b03b9db864d02b",0,20210315,"None",60.472024,8.468946,"Norway","Norway","NO",545000
462000,"Oman",NULL,"Hamza Namira","462K","","فاضي شوية","guCwdHngTmM","0x3dd69f66a9d59bbf:0x3a064c7665b1a817",0,20210315,"None",21.4735329,55.975413,"Oman","Oman","OM",462000
15700000,"Pakistan",NULL,"Kaka","15.7M","","Libaas","V5En3Ks3OjE","0x38db52d2f8fd751f:0x46b7a1f7e614925c",0,20210315,"None",30.375321,69.345116,"Pakistan","Pakistan","PK",15700000
2800000,"Paraguay",NULL,"Juhn","2.8M","","Bandido","W6fme7tcweQ","0x945c083490f13d63:0xb3faff611d582ef3",0,20210315,"None",-23.442503,-58.443832,"Paraguay","Paraguay","PY",2800000
40300000,"Philippines",NULL,"Giveon","40.3M","","Heartbreak Anniversary","uWRlisQu4fo","0x324053215f87de63:0x784790ef7a29da57",0,20210315,"None",12.879721,121.774017,"Philippines","Philippines","PH",40300000
9610000,"Poland",NULL,"Team X","9.61M","","ADIOS","6MSYrN4YfKY","0x47009964a4640bbb:0x97573ca49cc55ea",0,20210315,"None",51.919438,19.145136,"Poland","Poland","PL",9610000
1680000,"Portugal",NULL,"Panda e Os Caricas","1.68M","","O Jogo do Quadrado","7FXCaAG9gsg","0xb32242dbf4226d5:0x2ab84b091c4ef041",0,20210315,"None",39.399872,-8.224454,"Portugal","Portugal","PT",1680000
539000,"Qatar",NULL,"حس","539K","","هي حقيقة","acvSzzHrP9M","0x3e45c534ffdce87f:0x1cfa88cf812b4032",0,20210315,"None",25.354826,51.183884,"Qatar","Qatar","QA",539000
7960000,"Romania",NULL,"Jador, Culita Sterp, Costi, Vali Vijelie, Adi De La Valcea, Liviu Pustiu","7.96M","","Gura Ta","NUQJl0rBXQY","0x40b1ff26958976c3:0x84ef4f92a804b194",0,20210315,"None",45.943161,24.96676,"Romania","Romania","RO",7960000
27900000,"Russia",NULL,"Khabib","27.9M","","Ягода малинка","Rt2zZSaOFtw","0x453c569a896724fb:0x1409fdf86611f613",0,20210315,"None",61.52401,105.318756,"Russia","Russia","RU",27900000
305000,"Rwanda",NULL,"Israel Mbonyi","305K","","Israel Mbonyi - Baho","xlSxTvUiJgw","0x19c29654e73840e3:0x7490b026cbcca103",0,20210315,"None",-1.940278,29.873888,"Rwanda","Rwanda","RW",305000
40400,"Saint Kitts and Nevis",NULL,"Jah Vinci","40.4K","","Virgin","nPsntkvrc54","0x8c12196ec68a720d:0xdee99ac69a1d86e8",0,20210315,"None",17.357822,-62.782998,"St Kitts & Nevis","Saint Kitts and Nevis","KN",40400
79100,"Saint Lucia",NULL,"Skillibeng","79.1K","","Coke","zUrXtyEz-gQ","0x8c406065f12da31d:0x6e7486c4e8399df5",0,20210315,"None",13.909444,-60.978893,"St Lucia","Saint Lucia","LC",79100
56200,"Saint Vincent and the Grenadines",NULL,"Skillibeng","56.2K","","Coke","zUrXtyEz-gQ","0x8c40ace29e3935bb:0x31fdd3e88dd2a1b1",0,20210315,"None",12.984305,-61.287228,"St Vincent and the Grenadines","Saint Vincent and the Grenadines","VC",56200
7960000,"Saudi Arabia",NULL,"Hamza Namira","7.96M","","فاضي شوية","guCwdHngTmM","0x15e7b33fe7952a41:0x5960504bc21ab69b",0,20210315,"None",23.885942,45.079162,"Saudi Arabia","Saudi Arabia","SA",7960000
3180000,"Senegal",NULL,"Jeeba","3.18M","","Guuy","nJXGzao-5j0","0xec172f5b3c5bb71:0x5a46a55099615940",0,20210315,"None",14.497401,-14.452362,"Senegal","Senegal","SN",3180000
5790000,"Serbia",NULL,"NUCCI","5.79M","","Vroom","BZCXIXShEk4","0x47571ddff2898095:0x55e50ea3723865d",0,20210315,"None",44.016521,21.005859,"Serbia","Serbia","RS",5790000
606000,"Singapore",NULL,"ROSÉ","606K","","On The Ground","CKZvWhCqx1s","0x31da11238a8b9375:0x887869cf52abf5c4",0,20210315,"None",1.352083,103.819836,"Singapore","Singapore","SG",606000
14500,"Sint Maarten",NULL,"Yung Bleu","14.5K","","You’re Mines Still","_bptrMV3zHE","0x8c0e6e62d6f890c3:0x728b2cc226338f42",0,20210315,"None",18.04248,-63.05483,"Sint Maarten","Sint Maarten","SX",14500
591000,"Slovakia",NULL,"Master KG","591K","","Jerusalema","fCZVL_8D048","0x471460b9ae7cc67f:0xcd6b6167b1723a7d",0,20210315,"None",48.669026,19.699024,"Slovakia","Slovakia","SK",591000
249000,"Slovenia",NULL,"NUCCI","249K","","Vroom","BZCXIXShEk4","0x476524e75e968361:0xe740451e25e2d465",0,20210315,"None",46.151241,14.995463,"Slovenia","Slovenia","SI",249000
737000,"Somalia",NULL,"Ilkacase Qays","737K","","Dalkaan Ya Iska Leh?","wilqEaQi7Ss","0x181d2ea7ecd15b83:0x9e393ace5ce9e5be",0,20210315,"None",5.152149,46.199616,"Somalia","Somalia","SO",737000
1670000,"South Africa",NULL,"Busta 929, Mpura, --, Mr JazziQ, Lady Du, Reece Madlisa","1.67M","","Umsebenzi Wethu","ehbsxBmCY-c","0x1c34a689d9ee1251:0xe85d630c1fa4e8a0",0,20210315,"None",-30.559482,22.937506,"South Africa","South Africa","ZA",1670000
2480000,"Sri Lanka",NULL,"Oshada Akash","2.48M","","Randu Kekka","Rnx7B4kWcSw","0x3ae2593cf65a1e9d:0xe13da4b400e2d38c",0,20210315,"None",7.873054,80.771797,"Sri Lanka","Sri Lanka","LK",2480000
541000,"Sudan",NULL,"Roua Naeem","541K","","اسياد اللواري","c6LqlUT4hmI","0x15d91cc41072b195:0xd2bf70462a612b37",0,20210315,"None",12.862807,30.217636,"Sudan","Sudan","SD",541000
141000,"Suriname",NULL,"Kater Karma","141K","","Defense","99bvkZrVK3s","0x8d0836d5d9d3d551:0x1037e1c0712936b2",0,20210315,"None",3.919305,-56.027783,"Suriname","Suriname","SR",141000
903000,"Sweden",NULL,"Master KG","903K","","Jerusalema","fCZVL_8D048","0x465cb2396d35f0f1:0x22b8eba28dad6f62",0,20210315,"None",60.128161,18.643501,"Sweden","Sweden","SE",903000
795000,"Switzerland",NULL,"Master KG","795K","","Jerusalema","fCZVL_8D048","0x478c64ef6f596d61:0x5c56b5110fcb7b15",0,20210315,"None",46.818188,8.227512,"Switzerland","Switzerland","CH",795000
1870000,"Syrian Arab Republic",NULL,"Lama Shreif","1.87M","","يما أنا اللي ريدو (Yomma Ana Li Rido)","ff1UOTiuNVI","0x1518e6dc413cc6a7:0x877546f4882af620",0,20210315,"None",34.802075,38.996815,"Syria","Syrian Arab Republic","SY",1870000
4510000,"Taiwan",NULL,"大籽","4.51M","","白月光与朱砂痣","uJIZ7cI8Md4","0x346ef3065c07572f:0xe711f004bf9c5469",0,20210315,"None",23.69781,120.960515,"Taiwan","Taiwan","TW",4510000
3260000,"Tanzania, United Republic of",NULL,"Zuchu","3.26M","","Sukari","CCmItvVgn6Q","0x184b51314869a111:0x885a17314bc1c430",0,20210315,"None",-6.369028,34.888822,"Tanzania","Tanzania, United Republic of","TZ",3260000
37900000,"Thailand",NULL,"MAN'R x BEARING ft ท้าวคำสิงห์ x ขยะหน้าต้นไม้","37.9M","","บ้านพี่สกลหนาวเเล้ว","jVMpdSv8IDM","0x304d8df747424db1:0x9ed72c880757e802",0,20210315,"None",15.870032,100.992541,"Thailand","Thailand","TH",37900000
821000,"The Former Yugoslav Republic of Macedonia",NULL,"NUCCI","821K","","Vroom","BZCXIXShEk4","0x1354159f70bc4809:0xe0f25ad6c81fc5b1",0,20210315,"None",41.608635,21.745275,"Macedonia (FYROM)","The Former Yugoslav Republic of Macedonia","MK",821000
163000,"Togo",NULL,"Fally Ipupa","163K","","Un coup","G0mM2XdjmHo","0x1023e1c113185419:0xfaae5b301ad19360",0,20210315,"None",8.619543,0.824782,"Togo","Togo","TG",163000
747000,"Trinidad and Tobago",NULL,"Skillibeng","747K","","Coke","zUrXtyEz-gQ","0x8c3607976350b6c5:0xff082855c639f127",0,20210315,"None",10.691803,-61.222503,"Trinidad and Tobago","Trinidad and Tobago","TT",747000
8340000,"Tunisia",NULL,"Balti","8.34M","","Ya Hasra","tS8nzAQg_8k","0x125595448316a4e1:0x3a84333aaa019bef",0,20210315,"None",33.886917,9.537499,"Tunisia","Tunisia","TN",8340000
30500000,"Turkey",NULL,"Enes Batur","30.5M","","Ayaz","Tq60c_SaExc","0x14b0155c964f2671:0x40d9dbd42a625f2a",0,20210315,"None",38.963745,35.243322,"Turkey","Turkey","TR",30500000
16500,"Turks and Caicos Islands",NULL,"K-dilak Mesaje a","16.5K","","Pouki'n Te Marye","o4F0Krf2qJ8","0x894b5f55bebb6b75:0x7e11c780028dc1de",0,20210315,"None",21.694025,-71.797928,"TKCA 1ZZ, Turks and Caicos Islands","Turks and Caicos Islands","TC",16500
7520000,"Ukraine",NULL,"Султан Лагучев","7.52M","","Горький вкус","Bx8Fo7WRpXg","0x40d1d9c154700e8f:0x1068488f64010",0,20210315,"None",48.379433,31.1655799,"Ukraine","Ukraine","UA",7520000
940000,"United Arab Emirates",NULL,"Issam Alnajjar","940K","","Hadal Ahbek","QqJ9zrY_ITw","0x3e5e48dfb1ab12bd:0x33d32f56c0080aa7",0,20210315,"None",23.424076,53.847818,"United Arab Emirates","United Arab Emirates","AE",940000
5600000,"United Kingdom",NULL,"A1 x J1","5.6M","","Latest Trends","7zbt4zliK4c","0x25a3b1142c791a9:0xc4f8a0433288257a",0,20210315,"None",55.378051,-3.435973,"United Kingdom","United Kingdom","GB",5600000
36900000,"United States",NULL,"Pooh Shiesty","36.9M","","Back In Blood","0-Tm65i96TY","0x54eab584e432360b:0x1c3bb99243deb742",0,20210315,"None",37.09024,-95.712891,"United States","United States","US",36900000
2680000,"Uruguay",NULL,"Juhn","2.68M","","Bandido","W6fme7tcweQ","0x9575073afb5fde09:0x4a5596616016524a",0,20210315,"None",-32.522779,-55.765835,"Uruguay","Uruguay","UY",2680000
2170000,"Uzbekistan",NULL,"Yulduz Usmonova","2.17M","","YURAK (Live)","A8QkIlB1eCk","0x38ae8b20a5d676b1:0xca0a6dad7e841e20",0,20210315,"None",41.377491,64.585262,"Uzbekistan","Uzbekistan","UZ",2170000
3630000,"Venezuela",NULL,"Juhn","3.63M","","Bandido","W6fme7tcweQ","0x8c2853cb36cbd801:0xdca0f2587cd54dd3",0,20210315,"None",6.42375,-66.58973,"Venezuela","Venezuela","VE",3630000
18300000,"Vietnam",NULL,"Juky San","18.3M","","Phải Chăng Em Đã Yêu?","O81_4VAson4","0x31157a4d736a1e5f:0xb03bb0c9e2fe62be",0,20210315,"None",14.058324,108.277199,"Vietnam","Vietnam","VN",18300000
18000,"Virgin Islands (US)",NULL,"Yung Bleu","18K","","You’re Mines Still","_bptrMV3zHE","0x8c051065f2daacb9:0xf91d891d1bc51c05",0,20210315,"None",18.335765,-64.896335,"U.S. Virgin Islands","Virgin Islands (US)","VI",18000
218000,"Yemen",NULL,"Ismail Mubarak","218K","","احاكيك","kqkBXQ4UeKo","0x1603dbac7c34bc5f:0x92f129377eae77ae",0,20210315,"None",15.552727,48.516388,"Yemen","Yemen","YE",218000
